PassengerId,Survived,Name,Age,SibSp,Parch,Ticket,Fare,Pclass_1,Pclass_2,Pclass_3,Sex_female,Sex_male,Embarked_C,Embarked_Q,Embarked_S
-1.730107956920867,0,108,-0.5657364610748746,1,0,523,-0.3120106021758714,0.0,0.0,1.0,0.0,1.0,0.0,0.0,1.0
-1.7262200738716067,1,190,0.6638610320657843,1,0,596,2.4612422909015312,1.0,0.0,0.0,1.0,0.0,1.0,0.0,0.0
-1.7223321908223463,1,353,-0.2583370877897099,0,0,669,-0.2827766613540295,0.0,0.0,1.0,1.0,0.0,0.0,0.0,1.0
-1.718444307773086,1,272,0.4333115021019107,1,0,49,1.6737318966114614,1.0,0.0,0.0,1.0,0.0,0.0,0.0,1.0
-1.7145564247238256,0,15,0.4333115021019107,0,0,472,-0.277362968609244,0.0,0.0,1.0,0.0,1.0,0.0,0.0,1.0
-1.7106685416745653,0,554,-0.10463740114712752,0,0,275,-0.25967968262767654,0.0,0.0,1.0,0.0,1.0,0.0,1.0,0.0
-1.7067806586253047,0,515,1.893458525206443,0,0,85,1.6201363384380845,1.0,0.0,0.0,0.0,1.0,0.0,0.0,1.0
-1.7028927755760443,0,624,-2.1027333275006983,3,1,395,0.2867438153974083,0.0,0.0,1.0,0.0,1.0,0.0,0.0,1.0
-1.699004892526784,1,412,-0.1814872444684187,0,2,344,-0.14382665788926616,0.0,0.0,1.0,1.0,0.0,0.0,0.0,1.0
-1.6951170094775236,1,576,-1.180535207645204,1,0,132,0.6763477929457417,0.0,1.0,0.0,1.0,0.0,1.0,0.0,0.0
-1.6912291264282633,1,727,-1.949033640858116,1,1,616,0.09726456932991473,0.0,0.0,1.0,1.0,0.0,0.0,0.0,1.0
-1.687341243379003,1,95,2.200857898491608,0,0,38,0.5238635576190146,1.0,0.0,0.0,1.0,0.0,0.0,0.0,1.0
-1.6834533603297426,0,729,-0.719436147717457,0,0,535,-0.277362968609244,0.0,0.0,1.0,0.0,1.0,0.0,0.0,1.0
-1.6795654772804822,0,28,0.7407108753870755,1,5,333,0.7285011433719076,0.0,0.0,1.0,0.0,1.0,0.0,0.0,1.0
-1.6756775942312219,0,840,-1.180535207645204,0,0,413,-0.2858429769246761,0.0,0.0,1.0,1.0,0.0,0.0,0.0,1.0
-1.6717897111819615,1,359,1.9703083685277343,0,0,153,0.06694788995911578,0.0,1.0,0.0,1.0,0.0,0.0,0.0,1.0
-1.667901828132701,0,682,-2.1027333275006983,4,1,480,0.6353856281615965,0.0,0.0,1.0,0.0,1.0,0.0,1.0,0.0
-1.6640139450834406,1,867,-0.10463740114712752,0,0,151,-0.06298073591573695,0.0,1.0,0.0,0.0,1.0,0.0,0.0,1.0
-1.6601260620341802,0,839,0.12591212881674602,1,0,301,0.15356697387568427,0.0,0.0,1.0,1.0,0.0,0.0,0.0,1.0
-1.6562381789849199,1,512,-0.10463740114712752,0,0,184,-0.31309334072482853,0.0,0.0,1.0,1.0,0.0,1.0,0.0,0.0
-1.6523502959356595,0,273,0.4333115021019107,0,0,139,0.5000433095419583,0.0,1.0,0.0,0.0,1.0,0.0,0.0,1.0
-1.6484624128863992,1,80,0.35646165878061953,0,0,152,-0.06298073591573695,0.0,1.0,0.0,0.0,1.0,0.0,0.0,1.0
-1.6445745298371388,1,523,-1.1036853643239128,0,0,278,-0.27826380708197634,0.0,0.0,1.0,1.0,0.0,0.0,1.0,0.0
-1.6406866467878785,1,765,-0.10463740114712752,0,0,42,0.9114839581456586,1.0,0.0,0.0,0.0,1.0,0.0,0.0,1.0
-1.636798763738618,0,626,-1.6416342675729512,3,1,395,0.2867438153974083,0.0,0.0,1.0,1.0,0.0,0.0,0.0,1.0
-1.6329108806893577,1,44,0.6638610320657843,1,5,329,0.7333734668422146,0.0,0.0,1.0,1.0,0.0,0.0,0.0,1.0
-1.6290229976400974,0,240,-0.10463740114712752,0,0,179,-0.31309334072482853,0.0,0.0,1.0,0.0,1.0,1.0,0.0,0.0
-1.6251351145908368,0,260,-0.7962859910387481,3,2,95,10.764404753655324,1.0,0.0,0.0,0.0,1.0,0.0,0.0,1.0
-1.6212472315415765,1,605,-0.10463740114712752,0,0,283,-0.28476023837571895,0.0,0.0,1.0,1.0,0.0,0.0,1.0,0.0
-1.617359348492316,0,813,-0.10463740114712752,0,0,362,-0.2840412999792114,0.0,0.0,1.0,0.0,1.0,0.0,0.0,1.0
-1.6134714654430558,0,828,0.8175607187083667,0,0,598,0.5745703693437738,1.0,0.0,0.0,0.0,1.0,1.0,0.0,0.0
-1.6095835823937954,1,776,-0.10463740114712752,1,0,586,5.719743953987942,1.0,0.0,0.0,1.0,0.0,1.0,0.0,0.0
-1.605695699344535,1,289,-0.10463740114712752,0,0,288,-0.29035583119672925,0.0,0.0,1.0,1.0,0.0,0.0,1.0,0.0
-1.6018078162952747,0,856,2.8156566450619374,0,0,549,-0.1712545908114476,0.0,1.0,0.0,0.0,1.0,0.0,0.0,1.0
-1.5979199332460143,0,535,-0.10463740114712752,1,0,600,2.9327749289723513,1.0,0.0,0.0,0.0,1.0,1.0,0.0,0.0
-1.594032050196754,0,372,0.9712604053509489,1,0,43,1.6260914004573488,1.0,0.0,0.0,0.0,1.0,0.0,0.0,1.0
-1.5901441671474936,1,505,-0.10463740114712752,0,0,202,-0.3129114406486037,0.0,0.0,1.0,0.0,1.0,1.0,0.0,0.0
-1.5862562840982333,0,134,-0.6425863043961658,0,0,514,-0.277362968609244,0.0,0.0,1.0,0.0,1.0,0.0,0.0,1.0
-1.5823684010489727,0,837,-0.8731358343600393,2,0,302,0.15356697387568427,0.0,0.0,1.0,1.0,0.0,0.0,0.0,1.0
-1.5784805179997123,1,589,-1.180535207645204,1,0,186,-0.13913190354098817,0.0,0.0,1.0,1.0,0.0,1.0,0.0,0.0
-1.574592634950452,0,7,0.8175607187083667,1,0,507,-0.21564687131868895,0.0,0.0,1.0,1.0,0.0,0.0,0.0,1.0
-1.5707047519011916,0,827,-0.1814872444684187,1,0,53,0.283495599750537,0.0,1.0,0.0,1.0,0.0,0.0,0.0,1.0
-1.5668168688519313,0,446,-0.10463740114712752,0,0,391,-0.2840412999792114,0.0,0.0,1.0,0.0,1.0,1.0,0.0,0.0
-1.562928985802671,1,456,-2.025883484179407,1,2,634,1.1747713256184602,0.0,1.0,0.0,1.0,0.0,1.0,0.0,0.0
-1.5590411027534106,1,212,-0.7962859910387481,0,0,282,-0.28476023837571895,0.0,0.0,1.0,1.0,0.0,0.0,1.0,0.0
-1.5551532197041502,0,697,-0.10463740114712752,0,0,617,-0.277362968609244,0.0,0.0,1.0,0.0,1.0,0.0,0.0,1.0
-1.5512653366548899,0,473,-0.10463740114712752,1,0,462,0.04529311897997366,0.0,0.0,1.0,0.0,1.0,0.0,1.0,0.0
-1.5473774536056295,1,604,-0.10463740114712752,0,0,76,-0.29035583119672925,0.0,0.0,1.0,1.0,0.0,0.0,1.0,0.0
-1.543489570556369,0,726,-0.10463740114712752,2,0,190,0.31291144064860377,0.0,0.0,1.0,0.0,1.0,1.0,0.0,0.0
-1.5396016875071086,0,38,-0.8731358343600393,1,0,377,0.14490506548402746,0.0,0.0,1.0,1.0,0.0,0.0,0.0,1.0
-1.5357138044578482,0,629,-1.7184841108942424,4,1,249,1.092842665095974,0.0,0.0,1.0,0.0,1.0,0.0,0.0,1.0
-1.5318259214085879,0,594,-0.6425863043961658,0,0,522,-0.28819035409881505,0.0,0.0,1.0,0.0,1.0,0.0,0.0,1.0
-1.5279380383593275,1,333,1.5092093085999871,1,0,587,2.6971017254521517,1.0,0.0,0.0,1.0,0.0,1.0,0.0,0.0
-1.5240501553100672,1,246,-0.027787557825836348,1,0,239,0.5000433095419583,0.0,1.0,0.0,1.0,0.0,0.0,0.0,1.0
-1.5201622722608068,0,620,2.738806801740646,0,1,29,2.058285981567459,1.0,0.0,0.0,0.0,1.0,1.0,0.0,0.0
-1.5162743892115464,1,873,-0.10463740114712752,0,0,94,0.9114839581456586,1.0,0.0,0.0,0.0,1.0,0.0,0.0,1.0
-1.512386506162286,1,707,-0.6425863043961658,0,0,555,-0.1712545908114476,0.0,1.0,0.0,1.0,0.0,0.0,0.0,1.0
-1.5084986231130257,0,595,-0.06621247948648194,0,0,215,-0.3129114406486037,0.0,0.0,1.0,0.0,1.0,1.0,0.0,0.0
-1.5046107400637654,1,853,-1.8721837975368247,1,2,561,0.5758350079689557,0.0,1.0,0.0,1.0,0.0,0.0,0.0,1.0
-1.5007228570145048,0,299,-1.4110847376090776,5,2,566,1.405212736470099,0.0,0.0,1.0,0.0,1.0,0.0,0.0,1.0
-1.4968349739652445,0,749,-0.5657364610748746,0,0,197,-0.3129114406486037,0.0,0.0,1.0,0.0,1.0,1.0,0.0,0.0
-1.492947090915984,1,385,0.6638610320657843,0,0,32,2.8387585752893076,1.0,0.0,0.0,1.0,0.0,0.0,0.0,1.0
-1.4890592078667237,0,337,1.2018099353148226,1,0,457,2.9892592335943453,1.0,0.0,0.0,0.0,1.0,0.0,0.0,1.0
-1.4851713248174634,0,755,-1.949033640858116,3,2,337,0.5823314392626983,0.0,0.0,1.0,0.0,1.0,0.0,0.0,1.0
-1.481283441768203,0,784,-0.10463740114712752,0,0,601,0.5745703693437738,1.0,0.0,0.0,0.0,1.0,1.0,0.0,0.0
-1.4773955587189427,1,560,-0.10463740114712752,1,1,189,0.03428383341417777,0.0,0.0,1.0,0.0,1.0,1.0,0.0,0.0
-1.4735076756696823,1,596,-0.027787557825836348,0,0,553,-0.1712545908114476,0.0,1.0,0.0,1.0,0.0,0.0,0.0,1.0
-1.469619792620422,0,185,-0.7962859910387481,0,0,623,-0.27267254521516177,0.0,0.0,1.0,0.0,1.0,0.0,0.0,1.0
-1.4657319095711616,1,25,-0.9499856776813305,4,2,248,-0.2827766613540295,0.0,0.0,1.0,1.0,0.0,0.0,0.0,1.0
-1.461844026521901,0,440,-0.2583370877897099,2,0,270,-0.2508358741597949,0.0,0.0,1.0,0.0,1.0,0.0,0.0,1.0
-1.4579561434726407,0,396,0.20276197213803718,0,0,557,-0.1712545908114476,0.0,1.0,0.0,0.0,1.0,0.0,0.0,1.0
-1.4540682604233803,0,300,-1.0268355210026217,5,2,566,1.405212736470099,0.0,0.0,1.0,1.0,0.0,0.0,0.0,1.0
-1.45018037737412,0,376,-0.6425863043961658,0,0,621,2.55724655256046,0.0,1.0,0.0,0.0,1.0,0.0,0.0,1.0
-1.4462924943248596,0,161,-0.2583370877897099,1,0,204,0.0,0.0,0.0,1.0,0.0,1.0,1.0,0.0,0.0
-1.4424046112755993,1,87,0.20276197213803718,0,0,80,1.8208024391934032,0.0,0.0,1.0,0.0,1.0,0.0,0.0,1.0
-1.438516728226339,0,546,-0.33518693111100106,0,0,347,-0.29468678539255766,0.0,0.0,1.0,0.0,1.0,0.0,0.0,1.0
-1.4346288451770786,0,778,-0.10463740114712752,0,0,355,-0.2840412999792114,0.0,0.0,1.0,0.0,1.0,0.0,0.0,1.0
-1.4307409621278182,0,563,-0.10463740114712752,0,0,473,-0.277362968609244,0.0,0.0,1.0,0.0,1.0,0.0,0.0,1.0
-1.4268530790785579,1,127,-2.192647644186609,0,2,158,0.629971935416811,0.0,1.0,0.0,0.0,1.0,0.0,0.0,1.0
-1.4229651960292975,1,223,0.04906228549545483,0,0,432,-0.0857182454438362,0.0,0.0,1.0,1.0,0.0,0.0,0.0,1.0
-1.419077312980037,0,842,-0.5657364610748746,0,0,304,-0.23621890374887394,0.0,0.0,1.0,0.0,1.0,0.0,0.0,1.0
-1.4151894299307766,1,737,-0.027787557825836348,0,0,311,-0.21456413276973182,0.0,0.0,1.0,0.0,1.0,0.0,0.0,1.0
-1.4113015468815162,1,519,-0.10463740114712752,0,0,280,-0.2887317233732936,0.0,0.0,1.0,1.0,0.0,0.0,1.0,0.0
-1.4074136638322559,0,141,-0.10463740114712752,0,0,25,1.4138746448617558,1.0,0.0,0.0,0.0,1.0,0.0,0.0,1.0
-1.4035257807829955,1,386,-0.9499856776813305,0,0,637,-0.1712545908114476,0.0,1.0,0.0,1.0,0.0,0.0,0.0,1.0
-1.3996378977337351,1,52,0.27961181545932834,3,0,247,0.06045145866537313,0.0,0.0,1.0,1.0,0.0,0.0,0.0,1.0
-1.3957500146844748,0,255,-1.0268355210026217,1,3,676,0.8627607234425888,0.0,0.0,1.0,0.0,1.0,0.0,0.0,1.0
-1.3918621316352144,0,764,-0.10463740114712752,0,0,652,-0.277362968609244,0.0,0.0,1.0,0.0,1.0,0.0,0.0,1.0
-1.387974248585954,1,259,-0.48888661775358344,3,2,95,10.764404753655324,1.0,0.0,0.0,1.0,0.0,0.0,0.0,1.0
-1.3840863655366937,0,149,-0.41203677443229225,0,0,297,-0.277362968609244,0.0,0.0,1.0,0.0,1.0,0.0,0.0,1.0
-1.3801984824874334,0,159,-0.027787557825836348,0,0,298,-0.277362968609244,0.0,0.0,1.0,0.0,1.0,0.0,0.0,1.0
-1.3763105994381728,0,31,-0.719436147717457,0,0,341,-0.2858429769246761,0.0,0.0,1.0,0.0,1.0,0.0,0.0,1.0
-1.3724227163889124,0,150,1.2786597786361138,1,0,678,2.0234564479246067,1.0,0.0,0.0,0.0,1.0,0.0,0.0,1.0
-1.368534833339652,0,209,-0.2583370877897099,1,2,548,0.2650890444182662,0.0,0.0,1.0,0.0,1.0,0.0,0.0,1.0
-1.3646469502903917,0,184,2.277707741812899,0,0,428,-0.3120106021758714,0.0,0.0,1.0,0.0,1.0,0.0,0.0,1.0
-1.3607590672411314,0,740,-0.10463740114712752,0,0,475,-0.277362968609244,0.0,0.0,1.0,0.0,1.0,0.0,0.0,1.0
-1.356871184191871,0,292,3.1999058616683933,0,0,607,0.8748527475573419,1.0,0.0,0.0,0.0,1.0,1.0,0.0,0.0
-1.3529833011426107,1,308,-0.48888661775358344,0,1,612,2.1180141708821285,1.0,0.0,0.0,0.0,1.0,1.0,0.0,0.0
-1.3490954180933503,1,219,0.35646165878061953,0,1,117,0.37011468366710554,0.0,1.0,0.0,1.0,0.0,0.0,0.0,1.0
-1.34520753504409,0,422,0.35646165878061953,1,0,150,0.5000433095419583,0.0,1.0,0.0,0.0,1.0,0.0,0.0,1.0
-1.3413196519948296,0,656,-0.10463740114712752,0,0,384,-0.2840412999792114,0.0,0.0,1.0,1.0,0.0,0.0,0.0,1.0
-1.337431768945569,0,658,-0.10463740114712752,0,0,361,-0.2840412999792114,0.0,0.0,1.0,0.0,1.0,0.0,0.0,1.0
-1.3335438858963087,0,858,-0.6425863043961658,0,1,417,2.721281442727461,1.0,0.0,0.0,0.0,1.0,0.0,0.0,1.0
-1.3296560028470483,0,405,0.27961181545932834,0,0,505,-0.25119534335804866,0.0,0.0,1.0,0.0,1.0,0.0,0.0,1.0
-1.325768119797788,0,312,0.5870111887444931,2,0,245,-0.2827766613540295,0.0,0.0,1.0,0.0,1.0,0.0,0.0,1.0
-1.3218802367485276,0,542,-0.10463740114712752,0,0,354,-0.2840412999792114,0.0,0.0,1.0,0.0,1.0,0.0,0.0,1.0
-1.3179923536992673,1,724,-0.6425863043961658,0,0,296,-0.29468678539255766,0.0,0.0,1.0,1.0,0.0,0.0,0.0,1.0
-1.314104470650007,1,559,-0.10463740114712752,0,0,254,-0.2892730926477721,0.0,0.0,1.0,0.0,1.0,0.0,0.0,1.0
-1.3102165876007466,0,675,0.6638610320657843,0,0,388,-0.2840412999792114,0.0,0.0,1.0,0.0,1.0,0.0,0.0,1.0
-1.3063287045514862,1,552,-0.10463740114712752,1,0,469,0.41992065691913233,0.0,0.0,1.0,1.0,0.0,0.0,1.0,0.0
-1.3024408215022258,0,667,1.3555096219574048,0,0,2,1.6260914004573488,1.0,0.0,0.0,0.0,1.0,0.0,0.0,1.0
-1.2985529384529655,0,882,-1.1421102859845584,1,0,193,0.0,0.0,0.0,1.0,1.0,0.0,1.0,0.0,0.0
-1.294665055403705,0,67,-0.5657364610748746,0,0,274,-0.277362968609244,0.0,0.0,1.0,0.0,1.0,0.0,0.0,1.0
-1.2907771723544446,0,417,-0.719436147717457,1,0,491,-0.20048853163328947,0.0,0.0,1.0,1.0,0.0,0.0,0.0,1.0
-1.2868892893051842,0,46,-0.9499856776813305,0,0,176,0.00017756912202893625,0.0,0.0,1.0,1.0,0.0,1.0,0.0,0.0
-1.2830014062559238,0,645,-0.6425863043961658,0,0,666,-0.2827766613540295,0.0,0.0,1.0,0.0,1.0,0.0,0.0,1.0
-1.2791135232066635,0,178,3.1614809400077477,0,0,460,-0.29035583119672925,0.0,0.0,1.0,0.0,1.0,0.0,1.0,0.0
-1.2752256401574031,0,826,-0.027787557825836348,1,0,53,0.283495599750537,0.0,1.0,0.0,0.0,1.0,0.0,0.0,1.0
-1.2713377571081428,0,70,-0.41203677443229225,0,1,585,10.094007691774651,1.0,0.0,0.0,0.0,1.0,1.0,0.0,0.0
-1.2674498740588824,0,24,-2.1027333275006983,4,2,333,0.7285011433719076,0.0,0.0,1.0,1.0,0.0,0.0,0.0,1.0
-1.263561991009622,0,362,-0.6425863043961658,2,0,621,2.55724655256046,0.0,1.0,0.0,0.0,1.0,0.0,0.0,1.0
-1.2596741079603617,0,551,-0.10463740114712752,0,0,540,-0.277362968609244,0.0,0.0,1.0,0.0,1.0,0.0,0.0,1.0
-1.2557862249111011,0,575,0.24118689379868277,1,0,132,0.6763477929457417,0.0,1.0,0.0,0.0,1.0,1.0,0.0,0.0
-1.2518983418618408,1,848,0.24118689379868277,0,0,219,-0.06298073591573695,0.0,1.0,0.0,1.0,0.0,0.0,0.0,1.0
-1.2480104588125804,0,857,1.893458525206443,0,1,417,2.721281442727461,1.0,0.0,0.0,0.0,1.0,0.0,0.0,1.0
-1.24412257576332,1,588,-1.3342348942877864,1,0,186,-0.13913190354098817,0.0,0.0,1.0,0.0,1.0,1.0,0.0,0.0
-1.2402346927140597,0,525,-0.10463740114712752,0,0,463,-0.29035583119672925,0.0,0.0,1.0,0.0,1.0,0.0,1.0,0.0
-1.2363468096647994,1,499,-0.41203677443229225,0,0,541,-0.31670102556995355,0.0,0.0,1.0,0.0,1.0,0.0,0.0,1.0
-1.232458926615539,1,653,-0.10463740114712752,1,1,196,0.34232295059247453,0.0,0.0,1.0,1.0,0.0,1.0,0.0,0.0
-1.2285710435662787,0,234,1.2018099353148226,0,0,318,-0.32392072621439955,0.0,0.0,1.0,0.0,1.0,0.0,0.0,1.0
-1.2246831605170183,0,225,0.27961181545932834,0,0,380,-0.2840412999792114,0.0,0.0,1.0,0.0,1.0,1.0,0.0,0.0
-1.220795277467758,0,165,-0.719436147717457,0,0,640,-0.32067251056752827,0.0,0.0,1.0,0.0,1.0,0.0,0.0,1.0
-1.2169073944184976,0,695,1.3555096219574048,1,0,537,0.001983577021689412,0.0,0.0,1.0,1.0,0.0,0.0,0.0,1.0
-1.213019511369237,1,851,-0.027787557825836348,1,0,111,0.5000433095419583,0.0,1.0,0.0,1.0,0.0,0.0,0.0,1.0
-1.2091316283199767,0,772,-0.33518693111100106,0,0,552,-0.06298073591573695,0.0,1.0,0.0,0.0,1.0,0.0,0.0,1.0
-1.2052437452707163,0,685,-0.48888661775358344,0,0,630,0.025621925022520947,0.0,1.0,0.0,0.0,1.0,1.0,0.0,0.0
-1.201355862221456,1,585,-0.7962859910387481,0,2,55,0.5123129027787402,1.0,0.0,0.0,1.0,0.0,0.0,0.0,1.0
-1.1974679791721956,0,271,0.5870111887444931,1,0,49,1.6737318966114614,1.0,0.0,0.0,0.0,1.0,0.0,0.0,1.0
-1.1935800961229353,0,618,-1.0268355210026217,0,0,504,-0.22683372600651378,0.0,0.0,1.0,0.0,1.0,0.0,0.0,1.0
-1.189692213073675,0,282,-0.41203677443229225,0,0,592,2.8041109417226804,1.0,0.0,0.0,0.0,1.0,1.0,0.0,0.0
-1.1858043300244145,0,99,-0.10463740114712752,0,2,203,0.03428383341417777,0.0,0.0,1.0,1.0,0.0,1.0,0.0,0.0
-1.1819164469751542,1,597,-0.5657364610748746,0,0,332,-0.29035583119672925,0.0,0.0,1.0,1.0,0.0,0.0,0.0,1.0
-1.1780285639258938,1,319,-0.41203677443229225,1,0,668,0.06045145866537313,0.0,0.0,1.0,1.0,0.0,0.0,0.0,1.0
-1.1741406808766333,0,116,-0.7962859910387481,0,0,438,-0.3336653731550135,0.0,0.0,1.0,0.0,1.0,0.0,1.0,0.0
-1.170252797827373,0,32,-0.8731358343600393,0,0,118,-0.12794504885316332,0.0,1.0,0.0,0.0,1.0,0.0,0.0,1.0
-1.1663649147781125,0,586,-0.7962859910387481,1,1,558,0.9656208855935139,0.0,1.0,0.0,0.0,1.0,0.0,0.0,1.0
-1.1624770317288522,1,29,-0.1814872444684187,0,0,405,-0.28837225417503987,0.0,0.0,1.0,0.0,1.0,0.0,0.0,1.0
-1.1585891486795918,0,254,-1.56478442425166,2,2,676,0.8627607234425888,0.0,0.0,1.0,1.0,0.0,0.0,0.0,1.0
-1.1547012656303315,0,580,0.5485862670838475,0,2,113,0.5000433095419583,0.0,1.0,0.0,0.0,1.0,0.0,0.0,1.0
-1.1508133825810711,0,121,0.9712604053509489,0,0,147,-0.06298073591573695,0.0,1.0,0.0,0.0,1.0,0.0,0.0,1.0
-1.1469254995318108,0,68,1.6629089952425695,0,0,622,-0.08355276834592196,0.0,1.0,0.0,0.0,1.0,0.0,0.0,1.0
-1.1430376164825504,1,643,-0.5657364610748746,1,0,36,2.2584107130482987,1.0,0.0,0.0,1.0,0.0,0.0,0.0,1.0
-1.13914973343329,0,532,2.00873329018838,0,0,516,-0.277362968609244,0.0,0.0,1.0,0.0,1.0,0.0,0.0,1.0
-1.1352618503840297,0,889,0.8559856403690123,0,2,538,0.001983577021689412,0.0,0.0,1.0,0.0,1.0,0.0,0.0,1.0
-1.1313739673347691,0,612,-0.10463740114712752,0,0,573,-0.30930375580347863,0.0,0.0,1.0,0.0,1.0,0.0,0.0,1.0
-1.1274860842855088,0,866,1.6629089952425695,0,1,595,2.0323002563924883,1.0,0.0,0.0,0.0,1.0,1.0,0.0,0.0
-1.1235982012362484,1,287,-1.0268355210026217,0,0,418,-0.29107910054743263,0.0,0.0,1.0,1.0,0.0,0.0,1.0,0.0
-1.119710318186988,0,181,0.04906228549545483,0,0,654,-0.277362968609244,0.0,0.0,1.0,0.0,1.0,0.0,0.0,1.0
-1.1158224351377277,0,767,-0.10463740114712752,0,0,258,-0.2508358741597949,0.0,0.0,1.0,0.0,1.0,0.0,0.0,1.0
-1.1119345520884674,0,716,-0.10463740114712752,8,2,568,2.3861738618252373,0.0,0.0,1.0,0.0,1.0,0.0,0.0,1.0
-1.108046669039207,0,186,1.1249600919935314,0,1,470,0.07127884415494427,0.0,0.0,1.0,0.0,1.0,0.0,0.0,1.0
-1.1041587859899467,1,847,0.8175607187083667,0,0,559,0.056120504469544724,0.0,1.0,0.0,1.0,0.0,0.0,0.0,1.0
-1.1002709029406863,0,82,-0.2583370877897099,0,0,323,-0.2892730926477721,0.0,0.0,1.0,0.0,1.0,0.0,0.0,1.0
-1.096383019891426,0,129,-0.9499856776813305,0,0,265,-0.2508358741597949,0.0,0.0,1.0,0.0,1.0,0.0,0.0,1.0
-1.0924951368421656,0,628,-2.1795831708219895,4,1,249,1.092842665095974,0.0,0.0,1.0,0.0,1.0,0.0,0.0,1.0
-1.088607253792905,1,293,-1.56478442425166,0,2,423,0.26292356732035194,0.0,0.0,1.0,0.0,1.0,0.0,0.0,1.0
-1.0847193707436447,1,157,-0.10463740114712752,0,1,28,1.7560200263322014,1.0,0.0,0.0,1.0,0.0,0.0,0.0,1.0
-1.0808314876943843,0,760,1.2018099353148226,1,4,337,0.5823314392626983,0.0,0.0,1.0,1.0,0.0,0.0,0.0,1.0
-1.076943604645124,0,69,-0.10463740114712752,0,0,576,0.49679509389508697,1.0,0.0,0.0,0.0,1.0,0.0,0.0,1.0
-1.0730557215958636,0,486,-0.10463740114712752,0,0,80,1.8208024391934032,0.0,0.0,1.0,0.0,1.0,0.0,0.0,1.0
-1.0691678385466032,0,832,2.4314074284554814,0,0,5,0.8248648742290902,1.0,0.0,0.0,0.0,1.0,0.0,0.0,1.0
-1.065279955497343,0,680,-1.949033640858116,4,1,480,0.6353856281615965,0.0,0.0,1.0,0.0,1.0,0.0,1.0,0.0
-1.0613920724480825,1,408,-2.1795831708219895,1,1,344,-0.14382665788926616,0.0,0.0,1.0,1.0,0.0,0.0,0.0,1.0
-1.0575041893988222,0,752,-0.6425863043961658,0,0,659,-0.2827766613540295,0.0,0.0,1.0,0.0,1.0,0.0,0.0,1.0
-1.0536163063495618,0,769,2.0471582118490255,0,0,90,0.7034162566696693,1.0,0.0,0.0,0.0,1.0,1.0,0.0,0.0
-1.0497284233003012,0,444,-0.8731358343600393,1,1,412,-0.2858429769246761,0.0,0.0,1.0,0.0,1.0,0.0,0.0,1.0
-1.045840540251041,0,464,-0.10463740114712752,3,1,488,0.4769463308156052,0.0,0.0,1.0,0.0,1.0,0.0,0.0,1.0
-1.0419526572017805,0,388,1.5860591519212783,0,0,593,0.6175204421038042,1.0,0.0,0.0,1.0,0.0,1.0,0.0,0.0
-1.0380647741525202,0,320,0.04906228549545483,0,0,169,-0.06298073591573695,0.0,1.0,0.0,0.0,1.0,0.0,0.0,1.0
-1.0341768911032598,0,474,0.5101613454232019,0,0,574,-0.6260047813734322,0.0,0.0,1.0,0.0,1.0,0.0,0.0,1.0
-1.0302890080539995,0,717,-0.10463740114712752,8,2,568,2.3861738618252373,0.0,0.0,1.0,1.0,0.0,0.0,0.0,1.0
-1.0264011250047391,0,650,-0.10463740114712752,0,0,629,0.025803825098745778,0.0,1.0,0.0,0.0,1.0,1.0,0.0,0.0
-1.0225132419554788,0,41,-1.56478442425166,4,2,329,0.7333734668422146,0.0,0.0,1.0,0.0,1.0,0.0,0.0,1.0
-1.0186253589062184,1,76,-2.1795831708219895,2,1,114,1.0630673549996534,0.0,1.0,0.0,0.0,1.0,0.0,0.0,1.0
-1.014737475856958,1,441,-1.949033640858116,0,2,271,0.3278878802577783,0.0,0.0,1.0,1.0,0.0,0.0,0.0,1.0
-1.0108495928076977,0,700,-0.10463740114712752,0,0,34,1.5394723165407802,1.0,0.0,0.0,0.0,1.0,0.0,0.0,1.0
-1.0069617097584371,1,601,-0.10463740114712752,1,0,459,0.04529311897997366,0.0,0.0,1.0,1.0,0.0,0.0,1.0,0.0
-1.0030738267091768,1,698,1.2018099353148226,0,0,11,0.5238635576190146,1.0,0.0,0.0,0.0,1.0,0.0,0.0,1.0
-0.9991859436599165,0,101,0.8175607187083667,1,1,435,0.04529311897997366,0.0,0.0,1.0,0.0,1.0,0.0,1.0,0.0
-0.9952980606106561,0,823,0.5101613454232019,0,0,386,-0.2840412999792114,0.0,0.0,1.0,0.0,1.0,0.0,0.0,1.0
-0.9914101775613957,1,664,0.20276197213803718,0,0,122,-0.06298073591573695,0.0,1.0,0.0,1.0,0.0,0.0,0.0,1.0
-0.9875222945121354,0,136,-0.7962859910387481,0,0,227,-0.06298073591573695,0.0,1.0,0.0,0.0,1.0,0.0,0.0,1.0
-0.983634411462875,1,20,-0.7962859910387481,1,0,406,-0.2858429769246761,0.0,0.0,1.0,1.0,0.0,0.0,0.0,1.0
-0.9797465284136146,1,579,-2.025883484179407,1,1,113,0.5000433095419583,0.0,1.0,0.0,0.0,1.0,0.0,0.0,1.0
-0.9758586453643542,1,113,1.1249600919935314,0,0,604,0.5745703693437738,1.0,0.0,0.0,1.0,0.0,1.0,0.0,0.0
-0.9719707623150938,1,495,2.200857898491608,0,0,586,5.719743953987942,1.0,0.0,0.0,1.0,0.0,1.0,0.0,0.0
-0.9680828792658335,0,533,-0.10463740114712752,0,0,452,-0.29035583119672925,0.0,0.0,1.0,0.0,1.0,0.0,1.0,0.0
-0.9641949962165731,0,611,0.9712604053509489,0,1,494,-0.26202272884761973,0.0,0.0,1.0,0.0,1.0,0.0,0.0,1.0
-0.9603071131673128,1,497,-0.10463740114712752,0,0,461,-0.29035583119672925,0.0,0.0,1.0,1.0,0.0,0.0,1.0,0.0
-0.9564192301180523,0,881,-0.41203677443229225,0,0,160,-0.06298073591573695,0.0,1.0,0.0,1.0,0.0,0.0,0.0,1.0
-0.952531347068792,0,834,-0.10463740114712752,0,0,306,-0.21456413276973182,0.0,0.0,1.0,0.0,1.0,0.0,0.0,1.0
-0.9486434640195316,0,721,-0.10463740114712752,8,2,568,2.3861738618252373,0.0,0.0,1.0,0.0,1.0,0.0,0.0,1.0
-0.9447555809702712,0,403,0.35646165878061953,0,0,242,-0.3446746587208094,0.0,0.0,1.0,0.0,1.0,0.0,0.0,1.0
-0.9408676979210109,0,878,1.2402348569754682,0,0,177,-0.31309334072482853,0.0,0.0,1.0,0.0,1.0,1.0,0.0,0.0
-0.9369798148717504,1,166,-0.8731358343600393,0,0,530,-0.277362968609244,0.0,0.0,1.0,0.0,1.0,0.0,0.0,1.0
-0.9330919318224901,0,789,-2.1027333275006983,0,1,316,-0.17287869863488323,0.0,0.0,1.0,1.0,0.0,0.0,0.0,1.0
-0.9292040487732297,0,51,0.20276197213803718,1,0,247,0.06045145866537313,0.0,0.0,1.0,0.0,1.0,0.0,0.0,1.0
-0.9253161657239694,1,9,-0.2583370877897099,0,0,216,0.18767323816783318,0.0,0.0,1.0,0.0,1.0,1.0,0.0,0.0
-0.921428282674709,1,140,-1.0268355210026217,0,0,445,-0.29035583119672925,0.0,0.0,1.0,1.0,0.0,0.0,1.0,0.0
-0.9175403996254486,1,94,0.8175607187083667,0,0,17,0.7165910193333795,1.0,0.0,0.0,0.0,1.0,1.0,0.0,0.0
-0.9136525165761882,0,12,-0.41203677443229225,0,0,642,-0.32067251056752827,0.0,0.0,1.0,0.0,1.0,0.0,0.0,1.0
-0.9097646335269278,1,131,0.4333115021019107,0,0,570,0.283495599750537,0.0,1.0,0.0,1.0,0.0,0.0,0.0,1.0
-0.9058767504776675,0,649,-0.5657364610748746,0,0,526,-0.3120106021758714,0.0,0.0,1.0,0.0,1.0,0.0,0.0,1.0
-0.9019888674284071,0,288,0.04906228549545483,0,0,163,-0.06298073591573695,0.0,1.0,0.0,0.0,1.0,0.0,0.0,1.0
-0.8981009843791468,0,437,-0.10463740114712752,1,0,443,-0.29035583119672925,0.0,0.0,1.0,0.0,1.0,0.0,1.0,0.0
-0.8942131013298863,1,582,0.12591212881674602,1,0,416,4.279883583951216,1.0,0.0,0.0,1.0,0.0,1.0,0.0,0.0
-0.8903252182806259,1,375,-0.1814872444684187,0,0,670,-0.2827766613540295,0.0,0.0,1.0,1.0,0.0,0.0,0.0,1.0
-0.8864373352313656,0,390,0.9712604053509489,1,0,142,0.5433528515002425,0.0,1.0,0.0,0.0,1.0,0.0,0.0,1.0
-0.8825494521821052,1,72,0.20276197213803718,0,0,63,2.6781538008454024,1.0,0.0,0.0,1.0,0.0,1.0,0.0,0.0
-0.8786615691328449,0,338,0.04906228549545483,0,0,679,-0.1712545908114476,0.0,1.0,0.0,0.0,1.0,0.0,0.0,1.0
-0.8747736860835844,1,791,-1.0268355210026217,0,0,653,-0.277362968609244,0.0,0.0,1.0,0.0,1.0,0.0,0.0,1.0
-0.8708858030343241,0,105,-0.1814872444684187,0,0,105,-0.06298073591573695,0.0,1.0,0.0,0.0,1.0,0.0,0.0,1.0
-0.8669979199850637,0,306,1.6629089952425695,0,0,102,-0.277362968609244,0.0,0.0,1.0,0.0,1.0,0.0,0.0,1.0
-0.8631100369358033,0,581,-0.10463740114712752,0,0,375,-0.2840412999792114,0.0,0.0,1.0,0.0,1.0,0.0,0.0,1.0
-0.859222153886543,1,379,0.6638610320657843,1,0,93,3.27185399487215,1.0,0.0,0.0,0.0,1.0,0.0,0.0,1.0
-0.8553342708372826,0,83,-0.5657364610748746,0,0,615,-0.2210605640634745,0.0,0.0,1.0,0.0,1.0,0.0,0.0,1.0
-0.8514463877880222,1,531,-0.7962859910387481,0,0,672,-0.1712545908114476,0.0,1.0,0.0,0.0,1.0,0.0,0.0,1.0
-0.8475585047387618,0,492,-0.6810112260568114,0,0,525,-0.3120106021758714,0.0,0.0,1.0,0.0,1.0,0.0,0.0,1.0
-0.8436706216895015,0,243,-0.8731358343600393,0,0,125,-0.06298073591573695,0.0,1.0,0.0,0.0,1.0,0.0,0.0,1.0
-0.8397827386402411,0,467,-0.10463740114712752,3,1,488,0.4769463308156052,0.0,0.0,1.0,1.0,0.0,0.0,0.0,1.0
-0.8358948555909808,1,339,0.4333115021019107,1,0,457,2.9892592335943453,1.0,0.0,0.0,1.0,0.0,0.0,0.0,1.0
-0.8320069725417203,0,460,-0.027787557825836348,0,0,322,-0.2892730926477721,0.0,0.0,1.0,0.0,1.0,0.0,0.0,1.0
-0.8281190894924599,0,754,2.277707741812899,0,0,128,-0.041325964936594836,0.0,1.0,0.0,0.0,1.0,0.0,0.0,1.0
-0.8242312064431996,1,43,-1.8721837975368247,4,2,329,0.7333734668422146,0.0,0.0,1.0,1.0,0.0,0.0,0.0,1.0
-0.8203433233939392,0,479,-0.41203677443229225,0,0,554,-0.1712545908114476,0.0,1.0,0.0,0.0,1.0,0.0,0.0,1.0
-0.8164554403446789,0,329,-0.10463740114712752,0,0,677,-0.2990177395883861,0.0,0.0,1.0,1.0,0.0,0.0,0.0,1.0
-0.8125675572954184,0,370,1.1249600919935314,1,0,198,0.5000433095419583,0.0,1.0,0.0,0.0,1.0,0.0,0.0,1.0
-0.808679674246158,1,172,-1.6416342675729512,0,2,556,0.5108706950315294,0.0,1.0,0.0,1.0,0.0,0.0,0.0,1.0
-0.8047917911968977,0,648,-0.7962859910387481,0,0,231,-0.1712545908114476,0.0,1.0,0.0,0.0,1.0,0.0,0.0,1.0
-0.8009039081476373,0,383,0.27961181545932834,0,0,636,-0.09438015383549303,0.0,1.0,0.0,0.0,1.0,0.0,0.0,1.0
-0.797016025098377,0,883,-0.10463740114712752,1,0,193,0.0,0.0,0.0,1.0,1.0,0.0,1.0,0.0,0.0
-0.7931281420491166,1,567,-0.10463740114712752,1,0,444,0.04529311897997366,0.0,0.0,1.0,1.0,0.0,0.0,1.0,0.0
-0.7892402589998562,0,169,-0.027787557825836348,0,0,674,-0.1712545908114476,0.0,1.0,0.0,0.0,1.0,0.0,0.0,1.0
-0.7853523759505958,0,500,-0.5657364610748746,0,0,658,-0.31742429492065694,0.0,0.0,1.0,0.0,1.0,0.0,0.0,1.0
-0.7814644929013355,0,47,0.04906228549545483,0,0,213,-0.31309334072482853,0.0,0.0,1.0,0.0,1.0,1.0,0.0,0.0
-0.7775766098520751,0,539,1.1249600919935314,2,0,92,3.27185399487215,1.0,0.0,0.0,0.0,1.0,0.0,1.0,0.0
-0.7736887268028148,0,481,-0.33518693111100106,0,0,325,-0.2892730926477721,0.0,0.0,1.0,1.0,0.0,0.0,0.0,1.0
-0.7698008437535543,1,322,-0.41203677443229225,0,2,166,0.001983577021689412,0.0,1.0,0.0,1.0,0.0,0.0,0.0,1.0
-0.7659129607042939,1,78,0.5870111887444931,1,1,54,1.6500935486106298,1.0,0.0,0.0,0.0,1.0,0.0,0.0,1.0
-0.7620250776550336,0,147,1.893458525206443,1,0,144,0.5000433095419583,0.0,1.0,0.0,0.0,1.0,0.0,0.0,1.0
-0.7581371946057732,0,673,-0.10463740114712752,0,0,422,-0.3120106021758714,0.0,0.0,1.0,0.0,1.0,0.0,0.0,1.0
-0.7542493115565129,0,790,-0.027787557825836348,1,1,316,-0.17287869863488323,0.0,0.0,1.0,1.0,0.0,0.0,0.0,1.0
-0.7503614285072524,0,782,2.5082572717767726,0,0,31,0.5238635576190146,1.0,0.0,0.0,0.0,1.0,0.0,0.0,1.0
-0.746473545457992,0,487,0.04906228549545483,1,0,536,0.07127884415494427,0.0,0.0,1.0,0.0,1.0,0.0,0.0,1.0
-0.7425856624087317,0,702,0.8944105620296577,0,2,458,0.24938933545838812,0.0,0.0,1.0,1.0,0.0,0.0,0.0,1.0
-0.7386977793594713,1,819,-0.027787557825836348,0,2,185,0.03428383341417777,0.0,0.0,1.0,1.0,0.0,1.0,0.0,0.0
-0.734809896310211,1,808,-0.10463740114712752,0,0,589,2.8041109417226804,1.0,0.0,0.0,1.0,0.0,1.0,0.0,0.0
-0.7309220132609505,1,156,0.04906228549545483,0,0,0,3.120270598018155,1.0,0.0,0.0,1.0,0.0,0.0,0.0,1.0
-0.7270341302116902,1,844,0.4333115021019107,0,0,608,21.56273820248077,1.0,0.0,0.0,1.0,0.0,1.0,0.0,0.0
-0.7231462471624298,1,636,1.5860591519212783,0,1,115,0.5000433095419583,0.0,1.0,0.0,1.0,0.0,0.0,0.0,1.0
-0.7192583641131695,0,771,-0.10463740114712752,0,0,482,-0.29035583119672925,0.0,0.0,1.0,0.0,1.0,0.0,1.0,0.0
-0.7153704810639091,1,42,-2.025883484179407,4,2,329,0.7333734668422146,0.0,0.0,1.0,0.0,1.0,0.0,0.0,1.0
-0.7114825980146487,0,799,1.7397588385638607,1,1,1,2.8236002356039083,1.0,0.0,0.0,0.0,1.0,0.0,0.0,1.0
-0.7075947149653883,0,340,0.8175607187083667,0,0,16,-0.6260047813734322,1.0,0.0,0.0,0.0,1.0,0.0,0.0,1.0
-0.7037068319161279,0,356,-0.10463740114712752,0,0,478,-0.29035583119672925,0.0,0.0,1.0,1.0,0.0,0.0,1.0,0.0
-0.6998189488668676,0,674,0.5101613454232019,0,0,546,-0.1712545908114476,0.0,1.0,0.0,0.0,1.0,0.0,0.0,1.0
-0.6959310658176072,0,631,-1.0268355210026217,4,1,249,1.092842665095974,0.0,0.0,1.0,0.0,1.0,0.0,0.0,1.0
-0.6920431827683469,1,652,-0.33518693111100106,1,0,334,-0.2892730926477721,0.0,0.0,1.0,0.0,1.0,0.0,0.0,1.0
-0.6881552997190864,1,305,2.200857898491608,0,1,588,6.020385801399765,1.0,0.0,0.0,1.0,0.0,0.0,0.0,1.0
-0.684267416669826,1,91,0.4333115021019107,0,0,613,5.248211315917122,1.0,0.0,0.0,1.0,0.0,0.0,0.0,1.0
-0.6803795336205657,0,125,-0.10463740114712752,0,0,47,0.7165910193333795,1.0,0.0,0.0,0.0,1.0,0.0,0.0,1.0
-0.6764916505713053,1,817,-0.33518693111100106,0,0,574,-0.6260047813734322,0.0,0.0,1.0,0.0,1.0,0.0,0.0,1.0
-0.672603767522045,1,530,0.8944105620296577,0,1,162,0.21853128681311065,0.0,1.0,0.0,1.0,0.0,0.0,0.0,1.0
-0.6687158844727845,0,577,0.5870111887444931,0,1,594,0.6602886147876099,1.0,0.0,0.0,0.0,1.0,1.0,0.0,0.0
-0.6648280014235242,1,350,-0.10463740114712752,0,0,465,-0.29035583119672925,0.0,0.0,1.0,1.0,0.0,0.0,1.0,0.0
-0.6609401183742638,1,33,2.585107115098064,1,0,71,2.7503334834730784,1.0,0.0,0.0,1.0,0.0,0.0,0.0,1.0
-0.6570522353250035,0,482,1.2018099353148226,0,0,326,-0.29035583119672925,0.0,0.0,1.0,1.0,0.0,0.0,0.0,1.0
-0.6531643522757431,0,634,-0.10463740114712752,0,0,135,-0.6260047813734322,0.0,1.0,0.0,0.0,1.0,0.0,0.0,1.0
-0.6492764692264827,0,681,-1.7184841108942424,4,1,480,0.6353856281615965,0.0,0.0,1.0,0.0,1.0,0.0,1.0,0.0
-0.6453885861772223,1,2,0.4333115021019107,1,1,551,0.25101344328182384,0.0,0.0,1.0,1.0,0.0,0.0,0.0,1.0
-0.6415007031279619,0,227,2.738806801740646,0,0,290,-0.29035583119672925,0.0,0.0,1.0,0.0,1.0,0.0,1.0,0.0
-0.6376128200787016,0,614,-0.10463740114712752,0,0,340,-0.2858429769246761,0.0,0.0,1.0,0.0,1.0,0.0,0.0,1.0
-0.6337249370294412,0,887,-1.0268355210026217,0,0,310,-0.21456413276973182,0.0,0.0,1.0,0.0,1.0,0.0,0.0,1.0
-0.6298370539801809,1,221,-0.7962859910387481,0,0,533,-0.277362968609244,0.0,0.0,1.0,0.0,1.0,0.0,0.0,1.0
-0.6259491709309204,0,770,-0.10463740114712752,0,0,24,0.5000433095419583,1.0,0.0,0.0,0.0,1.0,0.0,0.0,1.0
-0.62206128788166,0,779,0.27961181545932834,0,0,378,-0.2508358741597949,0.0,0.0,1.0,0.0,1.0,1.0,0.0,0.0
-0.6181734048323997,1,886,0.04906228549545483,0,0,308,-0.21456413276973182,0.0,0.0,1.0,0.0,1.0,0.0,0.0,1.0
-0.6142855217831393,0,570,-0.5657364610748746,0,0,353,-0.2840412999792114,0.0,0.0,1.0,0.0,1.0,0.0,0.0,1.0
-0.610397638733879,1,378,0.9712604053509489,0,0,134,-0.06298073591573695,0.0,1.0,0.0,0.0,1.0,0.0,0.0,1.0
-0.6065097556846185,1,177,-0.5657364610748746,0,0,464,-0.29035583119672925,0.0,0.0,1.0,1.0,0.0,0.0,1.0,0.0
-0.6026218726353582,1,65,-0.2583370877897099,0,0,91,2.7889526020372806,1.0,0.0,0.0,1.0,0.0,0.0,0.0,1.0
-0.5987339895860978,1,90,-0.7962859910387481,1,0,64,3.3185936525535307,1.0,0.0,0.0,1.0,0.0,1.0,0.0,0.0
-0.5948461065368374,0,477,0.5101613454232019,0,0,635,-0.06839442866052249,0.0,1.0,0.0,0.0,1.0,1.0,0.0,0.0
-0.5909582234875771,0,315,-0.41203677443229225,0,0,376,-0.2427153350426166,0.0,0.0,1.0,1.0,0.0,0.0,0.0,1.0
-0.5870703404383166,0,541,-0.41203677443229225,0,0,374,-0.2840412999792114,0.0,0.0,1.0,0.0,1.0,0.0,0.0,1.0
-0.5831824573890563,0,478,-0.10463740114712752,0,0,606,0.5745703693437738,1.0,0.0,0.0,0.0,1.0,1.0,0.0,0.0
-0.5792945743397959,0,324,-0.45046169609293785,0,0,212,-0.3129114406486037,0.0,0.0,1.0,0.0,1.0,1.0,0.0,0.0
-0.5754066912905356,0,17,-2.1027333275006983,1,2,37,5.937556302404546,1.0,0.0,0.0,1.0,0.0,0.0,0.0,1.0
-0.5715188082412752,1,714,-0.10463740114712752,0,0,98,0.6949362483542374,1.0,0.0,0.0,0.0,1.0,0.0,0.0,1.0
-0.5676309251920149,1,71,1.5860591519212783,0,1,585,10.094007691774651,1.0,0.0,0.0,1.0,0.0,1.0,0.0,0.0
-0.5637430421427544,1,431,-0.10463740114712752,0,0,513,-0.29035583119672925,0.0,0.0,1.0,1.0,0.0,0.0,1.0,0.0
-0.559855159093494,1,518,-0.10463740114712752,2,0,441,0.38094206915667655,0.0,0.0,1.0,0.0,1.0,0.0,1.0,0.0
-0.5559672760442337,0,411,-0.7962859910387481,0,0,574,-0.6260047813734322,0.0,0.0,1.0,0.0,1.0,0.0,0.0,1.0
-0.5520793929949733,1,428,-0.10463740114712752,0,0,109,-0.09113193818862174,0.0,1.0,0.0,1.0,0.0,0.0,1.0,0.0
-0.548191509945713,0,868,-0.10463740114712752,0,0,527,-0.277362968609244,0.0,0.0,1.0,0.0,1.0,0.0,0.0,1.0
-0.5443036268964525,1,16,-2.1857311582876924,1,2,37,5.937556302404546,1.0,0.0,0.0,0.0,1.0,0.0,0.0,1.0
-0.5404157438471922,1,248,-0.10463740114712752,0,0,83,4.1763001524495875,1.0,0.0,0.0,1.0,0.0,1.0,0.0,0.0
-0.5365278607979318,1,647,-0.9499856776813305,1,0,611,4.090404337883722,1.0,0.0,0.0,1.0,0.0,1.0,0.0,0.0
-0.5326399777486714,0,3,0.04906228549545483,1,0,575,0.4134242256253898,0.0,1.0,0.0,0.0,1.0,1.0,0.0,0.0
-0.5287520946994111,1,263,0.04906228549545483,0,0,584,1.8395727946781235,1.0,0.0,0.0,1.0,0.0,1.0,0.0,0.0
-0.5248642116501506,1,348,-0.41203677443229225,0,0,59,2.9755431016561564,1.0,0.0,0.0,1.0,0.0,1.0,0.0,0.0
-0.5209763286008903,1,710,-0.8731358343600393,2,2,602,10.737336289931397,1.0,0.0,0.0,1.0,0.0,1.0,0.0,0.0
-0.5170884455516299,0,449,-0.2583370877897099,1,1,167,0.5000433095419583,0.0,1.0,0.0,1.0,0.0,0.0,0.0,1.0
-0.5132005625023696,0,355,-0.10463740114712752,0,0,382,-0.2840412999792114,0.0,0.0,1.0,0.0,1.0,0.0,0.0,1.0
-0.5093126794531092,0,342,1.0481102486722402,1,1,571,0.5108706950315294,0.0,1.0,0.0,0.0,1.0,0.0,0.0,1.0
-0.5054247964038489,1,590,-0.2583370877897099,0,0,343,-0.2858429769246761,0.0,0.0,1.0,1.0,0.0,0.0,0.0,1.0
-0.5015369133545884,1,423,-0.41203677443229225,1,0,150,0.5000433095419583,0.0,1.0,0.0,1.0,0.0,0.0,0.0,1.0
-0.49764903030532803,0,555,1.893458525206443,0,0,232,-0.01967119395745271,0.0,1.0,0.0,0.0,1.0,0.0,0.0,1.0
-0.4937611472560677,1,859,0.12591212881674602,0,2,453,6.51429647980043,1.0,0.0,0.0,1.0,0.0,0.0,0.0,1.0
-0.4898732642068073,1,775,0.8175607187083667,1,1,81,5.199128612015799,1.0,0.0,0.0,1.0,0.0,1.0,0.0,0.0
-0.4859853811575469,0,211,-0.5657364610748746,0,0,524,-0.3120106021758714,0.0,0.0,1.0,0.0,1.0,0.0,0.0,1.0
-0.48209749810828656,0,200,-0.1814872444684187,0,0,365,-0.2840412999792114,0.0,0.0,1.0,0.0,1.0,0.0,0.0,1.0
-0.47820961505902615,1,762,0.04906228549545483,0,0,124,-0.09113193818862174,0.0,1.0,0.0,1.0,0.0,0.0,1.0,0.0
-0.4743217320097658,1,128,-0.5657364610748746,1,1,158,0.629971935416811,0.0,1.0,0.0,1.0,0.0,0.0,0.0,1.0
-0.47043384896050544,0,722,-0.10463740114712752,8,2,568,2.3861738618252373,0.0,0.0,1.0,0.0,1.0,0.0,0.0,1.0
-0.46654596591124503,1,877,0.5101613454232019,0,0,613,5.248211315917122,1.0,0.0,0.0,1.0,0.0,1.0,0.0,0.0
-0.4626580828619847,0,598,2.4314074284554814,0,0,299,-0.35586151340863414,0.0,0.0,1.0,0.0,1.0,0.0,0.0,1.0
-0.4587701998127243,1,60,0.5101613454232019,0,0,229,-0.06298073591573695,0.0,1.0,0.0,1.0,0.0,0.0,0.0,1.0
-0.4548823167634639,1,295,0.12591212881674602,1,1,423,0.26292356732035194,0.0,0.0,1.0,1.0,0.0,0.0,0.0,1.0
-0.45099443371420356,1,363,-1.0268355210026217,0,1,7,1.8850478137343218,1.0,0.0,0.0,1.0,0.0,1.0,0.0,0.0
-0.44710655066494315,1,517,-0.10463740114712752,2,0,441,0.38094206915667655,0.0,0.0,1.0,1.0,0.0,0.0,1.0,0.0
-0.4432186676156828,0,637,1.2402348569754682,0,0,20,0.6083171644376689,1.0,0.0,0.0,0.0,1.0,0.0,0.0,1.0
-0.43933078456642244,0,304,0.6638610320657843,0,1,588,6.020385801399765,1.0,0.0,0.0,0.0,1.0,0.0,0.0,1.0
-0.43544290151716203,0,838,-1.0268355210026217,2,0,302,0.15356697387568427,0.0,0.0,1.0,0.0,1.0,0.0,0.0,1.0
-0.4315550184679017,1,265,-0.10463740114712752,1,0,605,5.162315501351258,1.0,0.0,0.0,1.0,0.0,0.0,0.0,1.0
-0.4276671354186413,0,210,-0.10463740114712752,0,0,370,-0.2840412999792114,0.0,0.0,1.0,0.0,1.0,0.0,0.0,1.0
-0.4237792523693809,0,642,-0.027787557825836348,1,0,36,2.2584107130482987,1.0,0.0,0.0,0.0,1.0,0.0,0.0,1.0
-0.41989136932012056,1,117,0.8944105620296577,0,0,81,5.199128612015799,1.0,0.0,0.0,1.0,0.0,1.0,0.0,0.0
-0.41600348627086015,1,192,1.2018099353148226,0,0,510,-0.277362968609244,0.0,0.0,1.0,0.0,1.0,0.0,0.0,1.0
-0.4121156032215998,0,93,1.2018099353148226,0,0,39,0.9114839581456586,1.0,0.0,0.0,0.0,1.0,0.0,0.0,1.0
-0.40822772017233944,1,578,-2.1027333275006983,1,1,113,0.5000433095419583,0.0,1.0,0.0,0.0,1.0,0.0,0.0,1.0
-0.404339837123079,1,258,-0.41203677443229225,3,2,95,10.764404753655324,1.0,0.0,0.0,1.0,0.0,0.0,0.0,1.0
-0.4004519540738187,0,170,-0.10463740114712752,0,0,159,-0.06298073591573695,0.0,1.0,0.0,0.0,1.0,0.0,0.0,1.0
-0.3965640710245583,0,733,-0.33518693111100106,0,0,149,-0.06298073591573695,0.0,1.0,0.0,0.0,1.0,0.0,0.0,1.0
-0.3926761879752979,0,262,0.5101613454232019,0,0,112,-0.06298073591573695,0.0,1.0,0.0,0.0,1.0,0.0,0.0,1.0
-0.38878830492603755,1,111,-0.41203677443229225,0,0,157,-0.06298073591573695,0.0,1.0,0.0,1.0,0.0,0.0,0.0,1.0
-0.38490042187677714,1,768,0.8175607187083667,0,0,257,-0.06298073591573695,0.0,1.0,0.0,1.0,0.0,0.0,0.0,1.0
-0.3810125388275168,1,207,-0.10463740114712752,1,0,483,0.07127884415494427,0.0,0.0,1.0,1.0,0.0,0.0,0.0,1.0
-0.37712465577825643,1,183,-2.025883484179407,1,1,562,0.06261693576328738,0.0,0.0,1.0,0.0,1.0,0.0,0.0,1.0
-0.373236772728996,0,215,0.9712604053509489,0,0,262,-0.2508358741597949,0.0,0.0,1.0,0.0,1.0,0.0,0.0,1.0
-0.36934888967973567,0,608,-0.48888661775358344,0,0,503,-0.22647425680826,0.0,0.0,1.0,0.0,1.0,0.0,0.0,1.0
-0.36546100663047526,0,870,-0.10463740114712752,0,0,30,0.8898291871665165,1.0,0.0,0.0,0.0,1.0,0.0,0.0,1.0
-0.3615731235812149,0,237,-1.1036853643239128,1,1,214,-0.3129114406486037,0.0,0.0,1.0,0.0,1.0,1.0,0.0,0.0
-0.35768524053195455,0,37,-0.33518693111100106,1,0,377,0.14490506548402746,0.0,0.0,1.0,0.0,1.0,0.0,0.0,1.0
-0.35379735748269414,0,879,-0.10463740114712752,0,0,182,-0.31309334072482853,0.0,0.0,1.0,0.0,1.0,1.0,0.0,0.0
-0.3499094744334338,0,835,-0.10463740114712752,0,0,314,-0.21456413276973182,0.0,0.0,1.0,0.0,1.0,0.0,0.0,1.0
-0.34602159138417343,1,104,-0.5657364610748746,0,1,28,1.7560200263322014,1.0,0.0,0.0,1.0,0.0,0.0,0.0,1.0
-0.342133708334913,0,270,0.6638610320657843,0,0,131,-0.06298073591573695,0.0,1.0,0.0,1.0,0.0,0.0,0.0,1.0
-0.33824582528565267,1,522,-0.10463740114712752,0,0,279,-0.28476023837571895,0.0,0.0,1.0,1.0,0.0,0.0,1.0,0.0
-0.33435794223639226,1,545,-0.10463740114712752,0,0,285,-0.28476023837571895,0.0,0.0,1.0,1.0,0.0,0.0,1.0,0.0
-0.3304700591871319,0,759,0.8175607187083667,1,4,337,0.5823314392626983,0.0,0.0,1.0,0.0,1.0,0.0,0.0,1.0
-0.32658217613787155,0,888,-0.027787557825836348,1,0,633,0.5745703693437738,0.0,1.0,0.0,0.0,1.0,1.0,0.0,0.0
-0.32269429308861114,0,64,1.2018099353148226,0,1,211,0.0,0.0,0.0,1.0,1.0,0.0,1.0,0.0,0.0
-0.3188064100393508,0,40,0.4333115021019107,0,0,641,-0.32067251056752827,0.0,0.0,1.0,0.0,1.0,0.0,0.0,1.0
-0.31491852699009043,0,599,-0.10463740114712752,1,0,459,0.04529311897997366,0.0,0.0,1.0,0.0,1.0,0.0,1.0,0.0
-0.31103064394083,0,5,0.04906228549545483,0,0,544,-0.3120106021758714,0.0,0.0,1.0,0.0,1.0,0.0,0.0,1.0
-0.30714276089156967,1,845,2.3545575851341902,1,0,4,2.6330382509874575,1.0,0.0,0.0,1.0,0.0,1.0,0.0,0.0
-0.30325487784230926,1,562,-0.10463740114712752,0,0,175,-0.3129114406486037,0.0,0.0,1.0,1.0,0.0,1.0,0.0,0.0
-0.2993669947930489,1,400,-0.10463740114712752,0,0,78,-0.29035583119672925,0.0,0.0,1.0,1.0,0.0,0.0,1.0,0.0
-0.29547911174378855,1,48,-0.41203677443229225,0,0,581,2.375346476335666,1.0,0.0,0.0,1.0,0.0,1.0,0.0,0.0
-0.29159122869452814,1,328,-0.33518693111100106,1,0,58,1.7751498510151755,1.0,0.0,0.0,0.0,1.0,1.0,0.0,0.0
-0.2877033456452678,0,863,-0.8731358343600393,1,0,244,-0.3446746587208094,0.0,0.0,1.0,0.0,1.0,0.0,0.0,1.0
-0.28381546259600743,0,75,-0.7962859910387481,0,0,273,-0.277362968609244,0.0,0.0,1.0,0.0,1.0,0.0,0.0,1.0
-0.279927579546747,0,690,-0.5657364610748746,0,0,613,5.248211315917122,1.0,0.0,0.0,0.0,1.0,1.0,0.0,0.0
-0.27603969649748666,0,625,-2.025883484179407,3,1,395,0.2867438153974083,0.0,0.0,1.0,1.0,0.0,0.0,0.0,1.0
-0.27215181344822625,1,536,-0.10463740114712752,1,0,600,2.9327749289723513,1.0,0.0,0.0,1.0,0.0,1.0,0.0,0.0
-0.2682639303989659,1,454,-0.5657364610748746,0,0,545,-0.3120106021758714,0.0,0.0,1.0,1.0,0.0,0.0,0.0,1.0
-0.26437604734970555,0,862,-0.1814872444684187,0,2,27,8.533963342803686,1.0,0.0,0.0,0.0,1.0,1.0,0.0,0.0
-0.26048816430044514,0,85,-0.719436147717457,0,0,183,-0.4522252442658167,0.0,0.0,1.0,0.0,1.0,1.0,0.0,0.0
-0.2566002812511848,0,314,-0.7962859910387481,0,0,324,-0.2892730926477721,0.0,0.0,1.0,0.0,1.0,0.0,0.0,1.0
-0.2527123982019244,1,86,0.9712604053509489,0,0,610,9.227998752685192,1.0,0.0,0.0,1.0,0.0,1.0,0.0,0.0
-0.24882451515266402,1,572,-2.1795831708219895,0,2,187,0.055761035271290955,0.0,0.0,1.0,1.0,0.0,1.0,0.0,0.0
-0.24493663210340366,0,811,0.20276197213803718,0,0,665,-0.2827766613540295,0.0,0.0,1.0,0.0,1.0,0.0,0.0,1.0
-0.24104874905414328,1,373,0.4333115021019107,1,0,43,1.6260914004573488,1.0,0.0,0.0,1.0,0.0,0.0,0.0,1.0
-0.2371608660048829,0,665,-0.10463740114712752,0,0,371,-0.2840412999792114,0.0,0.0,1.0,0.0,1.0,0.0,0.0,1.0
-0.23327298295562252,0,205,-0.8731358343600393,0,0,621,2.55724655256046,0.0,1.0,0.0,0.0,1.0,0.0,0.0,1.0
-0.22938509990636216,0,298,-2.1795831708219895,5,2,566,1.405212736470099,0.0,0.0,1.0,0.0,1.0,0.0,0.0,1.0
-0.22549721685710178,1,118,0.5101613454232019,0,0,220,-0.06298073591573695,0.0,1.0,0.0,1.0,0.0,0.0,0.0,1.0
-0.2216093338078414,0,715,-0.10463740114712752,0,0,447,-0.29125666966946157,0.0,0.0,1.0,0.0,1.0,0.0,1.0,0.0
-0.21772145075858101,1,468,-0.9499856776813305,0,0,625,-0.1062902778740212,0.0,1.0,0.0,1.0,0.0,1.0,0.0,0.0
-0.21383356770932066,1,144,0.5101613454232019,1,2,33,4.571140253620677,1.0,0.0,0.0,0.0,1.0,0.0,0.0,1.0
-0.20994568466006028,1,393,-0.6425863043961658,0,0,401,-0.28837225417503987,0.0,0.0,1.0,0.0,1.0,0.0,0.0,1.0
-0.2060578016107999,0,313,-0.10463740114712752,2,0,246,-0.2827766613540295,0.0,0.0,1.0,0.0,1.0,0.0,0.0,1.0
-0.2021699185615395,1,583,-0.48888661775358344,1,0,416,4.279883583951216,1.0,0.0,0.0,1.0,0.0,1.0,0.0,0.0
-0.19828203551227916,1,728,-0.41203677443229225,0,2,616,0.09726456932991473,0.0,0.0,1.0,1.0,0.0,0.0,0.0,1.0
-0.19439415246301878,0,404,-0.5657364610748746,0,0,410,-0.28837225417503987,0.0,0.0,1.0,0.0,1.0,0.0,0.0,1.0
-0.1905062694137584,0,613,0.12591212881674602,0,0,414,-0.2858429769246761,0.0,0.0,1.0,1.0,0.0,0.0,0.0,1.0
-0.186618386364498,0,524,1.2786597786361138,0,0,226,0.5000433095419583,0.0,1.0,0.0,0.0,1.0,0.0,0.0,1.0
-0.18273050331523763,0,623,-0.48888661775358344,0,0,146,-0.1712545908114476,0.0,1.0,0.0,0.0,1.0,0.0,0.0,1.0
-0.17884262026597728,1,821,-0.10463740114712752,0,0,140,-0.07813907560113643,0.0,1.0,0.0,1.0,0.0,0.0,0.0,1.0
-0.1749547372167169,1,592,0.7407108753870755,0,0,663,-0.2827766613540295,0.0,0.0,1.0,0.0,1.0,0.0,0.0,1.0
-0.1710668541674565,0,6,-0.2583370877897099,0,0,292,-0.277362968609244,0.0,0.0,1.0,0.0,1.0,0.0,0.0,1.0
-0.16717897111819613,0,418,-0.6425863043961658,1,0,492,-0.20048853163328947,0.0,0.0,1.0,1.0,0.0,0.0,0.0,1.0
-0.16329108806893577,0,318,-0.10463740114712752,1,0,668,0.06045145866537313,0.0,0.0,1.0,0.0,1.0,0.0,0.0,1.0
-0.1594032050196754,0,616,-0.719436147717457,0,0,267,-0.2508358741597949,0.0,0.0,1.0,1.0,0.0,0.0,0.0,1.0
-0.155515321970415,0,274,0.35646165878061953,1,0,230,0.283495599750537,0.0,1.0,0.0,0.0,1.0,0.0,0.0,1.0
-0.15162743892115463,0,861,1.6629089952425695,0,0,321,-0.29035583119672925,0.0,0.0,1.0,0.0,1.0,0.0,0.0,1.0
-0.14773955587189427,1,687,-2.025883484179407,1,1,237,0.18604913034439746,0.0,1.0,0.0,0.0,1.0,0.0,0.0,1.0
-0.1438516728226339,0,88,-0.6425863043961658,0,0,255,-0.2892730926477721,0.0,0.0,1.0,0.0,1.0,0.0,0.0,1.0
-0.1399637897733735,0,465,-0.10463740114712752,3,1,488,0.4769463308156052,0.0,0.0,1.0,1.0,0.0,0.0,0.0,1.0
-0.13607590672411313,0,732,-0.10463740114712752,0,0,367,-0.2840412999792114,0.0,0.0,1.0,0.0,1.0,0.0,0.0,1.0
-0.13218802367485277,0,343,-0.10463740114712752,0,0,487,-0.32897494976093133,0.0,0.0,1.0,0.0,1.0,0.0,1.0,0.0
-0.1283001406255924,1,540,0.27961181545932834,1,0,92,3.27185399487215,1.0,0.0,0.0,1.0,0.0,0.0,1.0,0.0
-0.12441225757633201,0,191,-0.10463740114712752,0,0,135,-0.6260047813734322,0.0,1.0,0.0,0.0,1.0,0.0,0.0,1.0
-0.12052437452707164,1,792,1.1249600919935314,0,0,655,-0.2827766613540295,0.0,0.0,1.0,0.0,1.0,0.0,0.0,1.0
-0.11663649147781126,0,528,-0.10463740114712752,0,0,295,-0.277362968609244,0.0,0.0,1.0,1.0,0.0,0.0,0.0,1.0
-0.11274860842855089,1,226,0.35646165878061953,1,1,224,0.7815553322708059,0.0,1.0,0.0,1.0,0.0,0.0,0.0,1.0
-0.10886072537929051,1,742,-0.8731358343600393,0,2,168,-0.06298073591573695,0.0,1.0,0.0,1.0,0.0,0.0,0.0,1.0
-0.10497284233003014,0,513,0.04906228549545483,0,0,225,-0.06298073591573695,0.0,1.0,0.0,0.0,1.0,0.0,0.0,1.0
-0.10108495928076976,0,829,-1.4879345809303688,0,2,307,0.41992065691913233,0.0,0.0,1.0,1.0,0.0,0.0,0.0,1.0
-0.09719707623150939,0,281,-0.10463740114712752,0,0,392,-0.2840412999792114,0.0,0.0,1.0,0.0,1.0,1.0,0.0,0.0
-0.093309193182249,0,155,-0.6425863043961658,0,0,534,-0.29107910054743263,0.0,0.0,1.0,0.0,1.0,0.0,1.0,0.0
-0.08942131013298864,0,884,-0.027787557825836348,0,0,259,-0.2849421384519437,0.0,0.0,1.0,0.0,1.0,0.0,0.0,1.0
-0.08553342708372826,0,198,-0.10463740114712752,1,1,331,-0.002347377174138998,0.0,0.0,1.0,1.0,0.0,0.0,0.0,1.0
-0.08164554403446789,0,701,-0.8731358343600393,1,1,458,0.24938933545838812,0.0,0.0,1.0,0.0,1.0,0.0,0.0,1.0
-0.0777576609852075,0,872,-0.10463740114712752,0,0,521,-0.3120106021758714,0.0,0.0,1.0,0.0,1.0,0.0,0.0,1.0
-0.07386977793594714,1,162,-0.10463740114712752,1,0,100,0.5000433095419583,0.0,1.0,0.0,1.0,0.0,0.0,0.0,1.0
-0.06998189488668675,1,662,-0.7962859910387481,0,0,170,0.5000433095419583,0.0,1.0,0.0,1.0,0.0,0.0,0.0,1.0
-0.06609401183742639,0,249,-0.10463740114712752,0,0,437,-0.29035583119672925,0.0,0.0,1.0,0.0,1.0,0.0,1.0,0.0
-0.062206128788166004,1,663,0.20276197213803718,0,0,644,-0.277362968609244,0.0,0.0,1.0,0.0,1.0,0.0,0.0,1.0
-0.05831824573890563,1,92,-0.10463740114712752,0,0,3,0.5238635576190146,1.0,0.0,0.0,0.0,1.0,0.0,0.0,1.0
-0.054430362689645254,1,810,-0.10463740114712752,1,0,476,0.07127884415494427,0.0,0.0,1.0,1.0,0.0,0.0,0.0,1.0
-0.05054247964038488,1,491,0.9712604053509489,1,0,627,0.5000433095419583,0.0,1.0,0.0,1.0,0.0,0.0,0.0,1.0
-0.0466545965911245,0,420,-0.9499856776813305,0,0,657,-0.31742429492065694,0.0,0.0,1.0,0.0,1.0,0.0,0.0,1.0
-0.04276671354186413,0,744,1.5860591519212783,1,0,72,1.7949986140946572,1.0,0.0,0.0,0.0,1.0,0.0,0.0,1.0
-0.03887883049260375,1,143,-1.180535207645204,1,2,33,4.571140253620677,1.0,0.0,0.0,1.0,0.0,0.0,0.0,1.0
-0.03499094744334338,0,253,-0.6425863043961658,2,2,676,0.8627607234425888,0.0,0.0,1.0,1.0,0.0,0.0,0.0,1.0
-0.031103064394083002,1,688,-0.41203677443229225,2,3,237,0.18604913034439746,0.0,1.0,0.0,1.0,0.0,0.0,0.0,1.0
-0.027215181344822627,0,261,2.661956958419355,1,4,95,10.764404753655324,1.0,0.0,0.0,0.0,1.0,0.0,0.0,1.0
-0.02332729829556225,0,447,0.12591212881674602,0,0,547,-0.1712545908114476,0.0,1.0,0.0,0.0,1.0,0.0,0.0,1.0
-0.019439415246301876,1,344,1.2018099353148226,1,1,571,0.5108706950315294,0.0,1.0,0.0,1.0,0.0,0.0,0.0,1.0
-0.015551532197041501,0,323,-0.719436147717457,0,0,305,-0.21456413276973182,0.0,0.0,1.0,0.0,1.0,0.0,0.0,1.0
-0.011663649147781126,0,659,-0.33518693111100106,1,0,328,-0.2892730926477721,0.0,0.0,1.0,0.0,1.0,0.0,0.0,1.0
-0.0077757660985207505,1,679,-0.10463740114712752,0,0,116,-0.06298073591573695,0.0,1.0,0.0,1.0,0.0,0.0,0.0,1.0
-0.0038878830492603753,1,402,-0.10463740114712752,0,0,499,-0.2746561222368512,0.0,0.0,1.0,0.0,1.0,0.0,0.0,1.0
0.0,1,216,-1.949033640858116,0,2,289,2.919240697110387,1.0,0.0,0.0,0.0,1.0,0.0,0.0,1.0
0.0038878830492603753,1,529,-1.2573850509664952,0,1,162,0.21853128681311065,0.0,1.0,0.0,1.0,0.0,0.0,0.0,1.0
0.0077757660985207505,1,735,0.35646165878061953,0,0,45,0.5238635576190146,1.0,0.0,0.0,0.0,1.0,0.0,0.0,1.0
0.011663649147781126,1,55,-1.8721837975368247,2,1,194,0.20806337052179327,0.0,0.0,1.0,1.0,0.0,1.0,0.0,0.0
0.015551532197041501,1,661,1.7397588385638607,0,0,40,0.6949362483542374,1.0,0.0,0.0,0.0,1.0,0.0,0.0,1.0
0.019439415246301876,0,854,0.5101613454232019,1,2,561,0.5758350079689557,0.0,1.0,0.0,0.0,1.0,0.0,0.0,1.0
0.02332729829556225,0,316,-0.10463740114712752,1,0,497,0.2387438500450419,0.0,0.0,1.0,0.0,1.0,0.0,0.0,1.0
0.027215181344822627,0,257,0.04906228549545483,0,0,22,0.5758350079689557,1.0,0.0,0.0,0.0,1.0,1.0,0.0,0.0
0.031103064394083002,1,290,1.5092093085999871,1,0,84,3.2330573071859194,1.0,0.0,0.0,0.0,1.0,1.0,0.0,0.0
0.03499094744334338,0,644,-0.10463740114712752,0,0,528,-0.277362968609244,0.0,0.0,1.0,0.0,1.0,0.0,0.0,1.0
0.03887883049260375,1,392,-0.027787557825836348,0,0,379,-0.2840412999792114,0.0,0.0,1.0,0.0,1.0,1.0,0.0,0.0
0.04276671354186413,0,537,2.738806801740646,0,0,73,0.5238635576190146,1.0,0.0,0.0,0.0,1.0,0.0,0.0,1.0
0.0466545965911245,1,436,-0.10463740114712752,1,0,86,1.6201363384380845,1.0,0.0,0.0,1.0,0.0,0.0,0.0,1.0
0.05054247964038488,1,815,1.5860591519212783,0,0,572,-0.1712545908114476,0.0,1.0,0.0,1.0,0.0,0.0,0.0,1.0
0.054430362689645254,0,603,-0.10463740114712752,0,0,468,-0.29035583119672925,0.0,0.0,1.0,0.0,1.0,0.0,1.0,0.0
0.05831824573890563,1,21,1.432359465278696,0,0,96,0.5238635576190146,1.0,0.0,0.0,0.0,1.0,0.0,0.0,1.0
0.062206128788166004,0,557,0.35646165878061953,0,0,429,-0.277362968609244,0.0,0.0,1.0,0.0,1.0,0.0,0.0,1.0
0.06609401183742639,0,280,1.3555096219574048,0,0,6,1.0414125840205113,1.0,0.0,0.0,0.0,1.0,0.0,0.0,1.0
0.06998189488668675,0,538,1.432359465278696,0,0,121,-0.06298073591573695,0.0,1.0,0.0,0.0,1.0,0.0,0.0,1.0
0.07386977793594714,0,502,-0.10463740114712752,0,0,539,-0.277362968609244,0.0,0.0,1.0,0.0,1.0,0.0,0.0,1.0
0.0777576609852075,0,296,0.6638610320657843,0,0,639,-0.32067251056752827,0.0,0.0,1.0,0.0,1.0,0.0,0.0,1.0
0.08164554403446789,0,132,-0.10463740114712752,0,0,135,-0.6260047813734322,0.0,1.0,0.0,0.0,1.0,0.0,0.0,1.0
0.08553342708372826,0,766,2.0471582118490255,0,0,44,0.5238635576190146,1.0,0.0,0.0,0.0,1.0,0.0,0.0,1.0
0.08942131013298864,0,731,-0.10463740114712752,0,0,421,-0.2914385697456864,0.0,0.0,1.0,0.0,1.0,0.0,1.0,0.0
0.093309193182249,1,54,-2.1987956316523123,2,1,194,0.20806337052179327,0.0,0.0,1.0,1.0,0.0,1.0,0.0,0.0
0.09719707623150939,0,430,-0.10463740114712752,0,0,272,-0.3120106021758714,0.0,0.0,1.0,0.0,1.0,0.0,0.0,1.0
0.10108495928076976,0,124,0.6638610320657843,0,0,263,-0.2508358741597949,0.0,0.0,1.0,0.0,1.0,0.0,0.0,1.0
0.10497284233003014,1,855,0.27961181545932834,1,2,561,0.5758350079689557,0.0,1.0,0.0,1.0,0.0,0.0,0.0,1.0
0.10886072537929051,1,401,-0.48888661775358344,0,0,628,-0.028692571547363297,0.0,1.0,0.0,1.0,0.0,1.0,0.0,0.0
0.11274860842855089,0,787,-0.5657364610748746,0,0,509,-0.19994716235881088,0.0,0.0,1.0,1.0,0.0,0.0,0.0,1.0
0.11663649147781126,0,164,-0.10463740114712752,0,0,2,1.6260914004573488,1.0,0.0,0.0,0.0,1.0,0.0,0.0,1.0
0.12052437452707164,0,676,0.35646165878061953,1,0,252,0.283495599750537,0.0,1.0,0.0,0.0,1.0,0.0,0.0,1.0
0.12441225757633201,0,107,-0.027787557825836348,1,0,315,-0.32085441064375303,0.0,0.0,1.0,0.0,1.0,0.0,0.0,1.0
0.1283001406255924,0,425,-0.5657364610748746,0,0,411,-0.300282378213568,0.0,0.0,1.0,0.0,1.0,0.0,0.0,1.0
0.13218802367485277,1,365,-2.1027333275006983,0,1,251,-0.09383878456101451,0.0,0.0,1.0,1.0,0.0,0.0,0.0,1.0
0.13607590672411313,0,297,-1.56478442425166,5,2,566,1.405212736470099,0.0,0.0,1.0,0.0,1.0,0.0,0.0,1.0
0.1399637897733735,0,268,-0.10463740114712752,0,0,136,-0.6260047813734322,0.0,1.0,0.0,0.0,1.0,0.0,0.0,1.0
0.1438516728226339,0,706,1.5860591519212783,0,0,531,-0.277362968609244,0.0,0.0,1.0,0.0,1.0,0.0,0.0,1.0
0.14773955587189427,1,825,2.585107115098064,0,0,489,-0.21077454784838193,0.0,0.0,1.0,1.0,0.0,0.0,0.0,1.0
0.15162743892115463,1,89,-0.33518693111100106,1,0,64,3.3185936525535307,1.0,0.0,0.0,0.0,1.0,1.0,0.0,0.0
0.155515321970415,0,466,-0.10463740114712752,3,1,488,0.4769463308156052,0.0,0.0,1.0,1.0,0.0,0.0,0.0,1.0
0.1594032050196754,1,381,0.4333115021019107,1,0,93,3.27185399487215,1.0,0.0,0.0,1.0,0.0,0.0,0.0,1.0
0.16329108806893577,0,435,2.200857898491608,0,0,61,0.6602886147876099,1.0,0.0,0.0,0.0,1.0,1.0,0.0,0.0
0.16717897111819613,0,774,0.04906228549545483,0,0,517,-0.277362968609244,0.0,0.0,1.0,0.0,1.0,0.0,0.0,1.0
0.1710668541674565,1,182,-1.56478442425166,1,1,562,0.06261693576328738,0.0,0.0,1.0,0.0,1.0,0.0,0.0,1.0
0.1749547372167169,0,317,-0.10463740114712752,1,0,498,0.2387438500450419,0.0,0.0,1.0,0.0,1.0,0.0,0.0,1.0
0.17884262026597728,0,871,-0.6425863043961658,0,0,649,-0.3120106021758714,0.0,0.0,1.0,0.0,1.0,0.0,0.0,1.0
0.18273050331523763,0,547,1.9703083685277343,0,0,41,0.6949362483542374,1.0,0.0,0.0,0.0,1.0,0.0,0.0,1.0
0.186618386364498,0,39,3.1999058616683933,0,0,603,1.5179994456378627,1.0,0.0,0.0,0.0,1.0,1.0,0.0,0.0
0.1905062694137584,0,781,-0.6425863043961658,0,0,518,-0.277362968609244,0.0,0.0,1.0,0.0,1.0,0.0,0.0,1.0
0.19439415246301878,0,880,-0.10463740114712752,0,0,176,0.00017756912202893625,0.0,0.0,1.0,0.0,1.0,1.0,0.0,0.0
0.19828203551227916,1,242,1.893458525206443,1,0,454,2.7636901462130137,1.0,0.0,0.0,1.0,0.0,1.0,0.0,0.0
0.2021699185615395,0,738,-0.10463740114712752,0,0,564,0.027969302196659943,0.0,0.0,1.0,0.0,1.0,0.0,0.0,1.0
0.2060578016107999,0,18,-0.33518693111100106,1,2,37,5.937556302404546,1.0,0.0,0.0,1.0,0.0,0.0,0.0,1.0
0.20994568466006028,0,796,-0.41203677443229225,0,0,402,-0.28837225417503987,0.0,0.0,1.0,0.0,1.0,0.0,0.0,1.0
0.21383356770932066,0,130,-0.9499856776813305,0,0,261,-0.2508358741597949,0.0,0.0,1.0,0.0,1.0,0.0,0.0,1.0
0.21772145075858101,0,133,-0.6425863043961658,0,0,433,-0.29035583119672925,0.0,0.0,1.0,1.0,0.0,0.0,1.0,0.0
0.2216093338078414,0,607,-0.10463740114712752,0,0,276,-0.29558762386529,0.0,0.0,1.0,1.0,0.0,0.0,1.0,0.0
0.22549721685710178,0,450,0.5870111887444931,0,0,490,-0.21077454784838193,0.0,0.0,1.0,1.0,0.0,0.0,0.0,1.0
0.22938509990636216,1,501,-1.0268355210026217,0,0,0,3.120270598018155,1.0,0.0,0.0,1.0,0.0,0.0,0.0,1.0
0.23327298295562252,0,646,-0.8731358343600393,1,0,611,4.090404337883722,1.0,0.0,0.0,0.0,1.0,1.0,0.0,0.0
0.2371608660048829,1,670,0.27961181545932834,0,2,180,0.5000433095419583,0.0,1.0,0.0,1.0,0.0,0.0,0.0,1.0
0.24104874905414328,1,106,-0.10463740114712752,0,0,10,0.5238635576190146,1.0,0.0,0.0,0.0,1.0,0.0,0.0,1.0
0.24493663210340366,0,610,-0.10463740114712752,0,0,542,0.34954265123692047,0.0,0.0,1.0,0.0,1.0,0.0,0.0,1.0
0.24882451515266402,1,455,-0.2583370877897099,0,0,80,1.8208024391934032,0.0,0.0,1.0,0.0,1.0,0.0,0.0,1.0
0.2527123982019244,1,195,-0.027787557825836348,0,0,479,-0.29035583119672925,0.0,0.0,1.0,0.0,1.0,0.0,1.0,0.0
0.2566002812511848,0,849,-0.10463740114712752,0,0,648,-0.277362968609244,0.0,0.0,1.0,0.0,1.0,0.0,0.0,1.0
0.26048816430044514,1,521,0.5101613454232019,0,0,577,0.5124948028549651,1.0,0.0,0.0,0.0,1.0,0.0,0.0,1.0
0.26437604734970555,1,705,1.893458525206443,1,0,599,1.946582010948652,1.0,0.0,0.0,1.0,0.0,1.0,0.0,0.0
0.2682639303989659,0,168,-0.41203677443229225,0,0,356,-0.30136511676252514,0.0,0.0,1.0,0.0,1.0,0.0,0.0,1.0
0.27215181344822625,0,843,1.3555096219574048,0,0,456,0.8474204836809646,1.0,0.0,0.0,0.0,1.0,0.0,0.0,1.0
0.27603969649748666,1,472,0.35646165878061953,0,0,560,-0.1712545908114476,0.0,1.0,0.0,1.0,0.0,0.0,0.0,1.0
0.279927579546747,0,709,-0.10463740114712752,0,0,469,0.41992065691913233,0.0,0.0,1.0,0.0,1.0,0.0,1.0,0.0
0.28381546259600743,1,35,0.5101613454232019,1,0,110,0.5000433095419583,0.0,1.0,0.0,1.0,0.0,0.0,0.0,1.0
0.2877033456452678,0,641,0.20276197213803718,0,0,381,-0.2840412999792114,0.0,0.0,1.0,0.0,1.0,0.0,0.0,1.0
0.29159122869452814,1,651,0.04906228549545483,0,0,67,3.423437391726145,1.0,0.0,0.0,1.0,0.0,0.0,0.0,1.0
0.29547911174378855,0,841,-0.5657364610748746,0,0,390,-0.2840412999792114,0.0,0.0,1.0,0.0,1.0,0.0,0.0,1.0
0.2993669947930489,0,448,-0.10463740114712752,0,0,173,-0.31309334072482853,0.0,0.0,1.0,0.0,1.0,1.0,0.0,0.0
0.30325487784230926,1,364,1.1249600919935314,0,1,7,1.8850478137343218,1.0,0.0,0.0,1.0,0.0,1.0,0.0,0.0
0.30714276089156967,0,427,-0.10463740114712752,0,0,217,-0.3129114406486037,0.0,0.0,1.0,0.0,1.0,1.0,0.0,0.0
0.31103064394083,0,244,0.8559856403690123,0,0,446,-0.29035583119672925,0.0,0.0,1.0,0.0,1.0,0.0,1.0,0.0
0.31491852699009043,1,689,1.5860591519212783,0,0,673,-0.1712545908114476,0.0,1.0,0.0,1.0,0.0,0.0,0.0,1.0
0.3188064100393508,0,245,-0.10463740114712752,0,0,583,8.97915078650128,1.0,0.0,0.0,0.0,1.0,0.0,0.0,1.0
0.32269429308861114,0,725,0.7407108753870755,0,0,250,-0.2827766613540295,0.0,0.0,1.0,0.0,1.0,0.0,0.0,1.0
0.32658217613787155,0,366,-0.48888661775358344,2,1,235,-0.12794504885316332,0.0,1.0,0.0,0.0,1.0,0.0,0.0,1.0
0.3304700591871319,1,669,-2.1027333275006983,1,1,180,0.5000433095419583,0.0,1.0,0.0,1.0,0.0,0.0,0.0,1.0
0.33435794223639226,0,818,-0.10463740114712752,0,0,181,-0.3129114406486037,0.0,0.0,1.0,0.0,1.0,1.0,0.0,0.0
0.33824582528565267,0,236,-0.9499856776813305,1,1,210,-0.3129114406486037,0.0,0.0,1.0,0.0,1.0,1.0,0.0,0.0
0.342133708334913,1,654,-0.10463740114712752,0,2,196,0.34232295059247453,0.0,0.0,1.0,1.0,0.0,1.0,0.0,0.0
0.34602159138417343,0,123,0.04906228549545483,0,0,260,-0.2508358741597949,0.0,0.0,1.0,1.0,0.0,0.0,0.0,1.0
0.3499094744334338,1,341,-1.7184841108942424,0,2,571,0.5108706950315294,0.0,1.0,0.0,1.0,0.0,0.0,0.0,1.0
0.35379735748269414,0,120,1.2018099353148226,0,0,21,0.5238635576190146,1.0,0.0,0.0,0.0,1.0,0.0,0.0,1.0
0.35768524053195455,1,461,0.04906228549545483,0,0,614,3.983213221536969,1.0,0.0,0.0,1.0,0.0,1.0,0.0,0.0
0.3615731235812149,0,692,-0.10463740114712752,0,0,426,0.001983577021689412,0.0,0.0,1.0,0.0,1.0,0.0,0.0,1.0
0.36546100663047526,1,266,-0.5657364610748746,0,2,75,1.517817545561638,1.0,0.0,0.0,1.0,0.0,1.0,0.0,0.0
0.36934888967973567,1,188,0.5101613454232019,0,2,680,2.4489726976647495,1.0,0.0,0.0,1.0,0.0,0.0,0.0,1.0
0.373236772728996,0,26,-1.56478442425166,4,2,333,0.7285011433719076,0.0,0.0,1.0,1.0,0.0,0.0,0.0,1.0
0.37712465577825643,0,27,-1.4110847376090776,4,2,333,0.7285011433719076,0.0,0.0,1.0,1.0,0.0,0.0,0.0,1.0
0.3810125388275168,1,73,0.20276197213803718,1,0,233,0.5000433095419583,0.0,1.0,0.0,0.0,1.0,0.0,0.0,1.0
0.38490042187677714,0,222,1.5860591519212783,1,0,614,3.983213221536969,1.0,0.0,0.0,0.0,1.0,1.0,0.0,0.0
0.38878830492603755,0,587,2.661956958419355,0,0,501,0.5000433095419583,1.0,0.0,0.0,0.0,1.0,0.0,0.0,1.0
0.3926761879752979,1,74,-0.7962859910387481,1,0,233,0.5000433095419583,0.0,1.0,0.0,1.0,0.0,0.0,0.0,1.0
0.3965640710245583,1,622,-0.10463740114712752,0,0,631,-0.025626255976716767,0.0,1.0,0.0,0.0,1.0,1.0,0.0,0.0
0.4004519540738187,0,294,0.27961181545932834,1,1,423,0.26292356732035194,0.0,0.0,1.0,0.0,1.0,0.0,0.0,1.0
0.404339837123079,1,203,-1.6416342675729512,1,1,558,0.9656208855935139,0.0,1.0,0.0,0.0,1.0,0.0,0.0,1.0
0.40822772017233944,1,804,-0.9499856776813305,0,2,83,4.1763001524495875,1.0,0.0,0.0,0.0,1.0,1.0,0.0,0.0
0.4121156032215998,0,736,-0.1814872444684187,0,0,148,0.5000433095419583,0.0,1.0,0.0,0.0,1.0,0.0,0.0,1.0
0.41600348627086015,0,600,-0.10463740114712752,0,0,284,-0.28692571547363316,0.0,0.0,1.0,0.0,1.0,0.0,1.0,0.0
0.41989136932012056,1,463,-0.5657364610748746,0,0,171,-0.31309334072482853,0.0,0.0,1.0,0.0,1.0,1.0,0.0,0.0
0.4237792523693809,1,609,-0.5657364610748746,0,0,335,-0.2892730926477721,0.0,0.0,1.0,1.0,0.0,0.0,0.0,1.0
0.4276671354186413,0,874,2.5082572717767726,0,0,52,0.5238635576190146,1.0,0.0,0.0,0.0,1.0,0.0,0.0,1.0
0.4315550184679017,1,228,1.432359465278696,1,0,57,1.089053080174624,1.0,0.0,0.0,1.0,0.0,1.0,0.0,0.0
0.43544290151716203,0,693,-0.10463740114712752,0,0,610,9.227998752685192,1.0,0.0,0.0,0.0,1.0,1.0,0.0,0.0
0.43933078456642244,1,800,0.7407108753870755,1,1,1,2.8236002356039083,1.0,0.0,0.0,1.0,0.0,0.0,0.0,1.0
0.4432186676156828,1,885,0.5101613454232019,1,0,300,0.12758124870071366,0.0,0.0,1.0,1.0,0.0,0.0,0.0,1.0
0.44710655066494315,0,558,-0.10463740114712752,0,0,471,-0.29035583119672925,0.0,0.0,1.0,0.0,1.0,0.0,1.0,0.0
0.45099443371420356,0,751,0.8175607187083667,0,0,389,-0.2840412999792114,0.0,0.0,1.0,0.0,1.0,0.0,0.0,1.0
0.4548823167634639,0,593,-0.10463740114712752,0,0,103,-0.041325964936594836,0.0,1.0,0.0,0.0,1.0,0.0,0.0,1.0
0.4587701998127243,0,746,-0.10463740114712752,0,0,651,-0.277362968609244,0.0,0.0,1.0,0.0,1.0,0.0,0.0,1.0
0.4626580828619847,0,527,-0.10463740114712752,0,0,645,-0.277362968609244,0.0,0.0,1.0,1.0,0.0,0.0,0.0,1.0
0.46654596591124503,0,204,-0.41203677443229225,2,0,519,0.41992065691913233,0.0,0.0,1.0,0.0,1.0,0.0,0.0,1.0
0.47043384896050544,0,786,-0.7962859910387481,0,0,352,-0.2840412999792114,0.0,0.0,1.0,0.0,1.0,0.0,0.0,1.0
0.4743217320097658,0,627,-0.027787557825836348,0,4,395,0.2867438153974083,0.0,0.0,1.0,1.0,0.0,0.0,0.0,1.0
0.47820961505902615,0,217,-0.10463740114712752,0,0,207,-0.3129114406486037,0.0,0.0,1.0,0.0,1.0,1.0,0.0,0.0
0.48209749810828656,1,416,0.20276197213803718,0,0,415,-0.2858429769246761,0.0,0.0,1.0,0.0,1.0,0.0,0.0,1.0
0.4859853811575469,1,336,2.5082572717767726,0,0,624,-0.1712545908114476,0.0,1.0,0.0,0.0,1.0,0.0,0.0,1.0
0.4898732642068073,1,36,1.816608681885152,2,0,60,1.6035357910054742,1.0,0.0,0.0,1.0,0.0,0.0,0.0,1.0
0.4937611472560677,1,251,0.5101613454232019,0,0,578,0.5168257570507934,1.0,0.0,0.0,0.0,1.0,0.0,0.0,1.0
0.49764903030532803,1,432,-0.10463740114712752,0,0,77,-0.29035583119672925,0.0,0.0,1.0,1.0,0.0,0.0,1.0,0.0
0.5015369133545884,0,708,-1.0268355210026217,0,0,520,-0.277362968609244,0.0,0.0,1.0,0.0,1.0,0.0,0.0,1.0
0.5054247964038489,0,639,-0.7962859910387481,0,0,420,0.001983577021689412,0.0,0.0,1.0,0.0,1.0,0.0,0.0,1.0
0.5093126794531092,1,277,0.35646165878061953,0,0,143,-0.06298073591573695,0.0,1.0,0.0,1.0,0.0,0.0,0.0,1.0
0.5132005625023696,1,745,0.7407108753870755,1,0,72,1.7949986140946572,1.0,0.0,0.0,1.0,0.0,0.0,0.0,1.0
0.5170884455516299,0,135,-0.10463740114712752,1,0,209,0.00017756912202893625,0.0,0.0,1.0,1.0,0.0,1.0,0.0,0.0
0.5209763286008903,1,419,0.20276197213803718,0,0,661,-0.2827766613540295,0.0,0.0,1.0,0.0,1.0,0.0,0.0,1.0
0.5248642116501506,1,160,-0.33518693111100106,1,1,133,0.6732814773750952,0.0,1.0,0.0,1.0,0.0,0.0,0.0,1.0
0.5287520946994111,1,805,0.7407108753870755,1,1,83,4.1763001524495875,1.0,0.0,0.0,1.0,0.0,1.0,0.0,0.0
0.5326399777486714,0,224,1.893458525206443,0,0,226,0.5000433095419583,0.0,1.0,0.0,0.0,1.0,0.0,0.0,1.0
0.5365278607979318,0,703,0.5101613454232019,0,0,68,1.1117905897027232,1.0,0.0,0.0,0.0,1.0,1.0,0.0,0.0
0.5404157438471922,0,640,-0.10463740114712752,0,0,291,-0.24867039706188065,0.0,0.0,1.0,0.0,1.0,1.0,0.0,0.0
0.5443036268964525,1,798,-0.8731358343600393,0,2,1,2.8236002356039083,1.0,0.0,0.0,1.0,0.0,0.0,0.0,1.0
0.548191509945713,0,395,1.3555096219574048,0,0,129,0.023638348000831536,0.0,1.0,0.0,0.0,1.0,0.0,0.0,1.0
0.5520793929949733,1,267,2.3545575851341902,1,1,74,2.8041109417226804,1.0,0.0,0.0,0.0,1.0,1.0,0.0,0.0
0.5559672760442337,0,284,-0.5657364610748746,0,0,79,-0.277362968609244,0.0,0.0,1.0,0.0,1.0,0.0,0.0,1.0
0.559855159093494,0,566,-0.10463740114712752,0,0,515,-0.277362968609244,0.0,0.0,1.0,0.0,1.0,0.0,0.0,1.0
0.5637430421427544,0,691,0.4333115021019107,0,0,656,-0.31742429492065694,0.0,0.0,1.0,0.0,1.0,0.0,0.0,1.0
0.5676309251920149,1,783,1.7397588385638607,1,0,454,2.7636901462130137,1.0,0.0,0.0,1.0,0.0,1.0,0.0,0.0
0.5715188082412752,0,238,1.3555096219574048,0,0,532,-0.3120106021758714,0.0,0.0,1.0,0.0,1.0,0.0,0.0,1.0
0.5754066912905356,0,100,-0.10463740114712752,0,2,434,-0.29035583119672925,0.0,0.0,1.0,1.0,0.0,0.0,1.0,0.0
0.5792945743397959,0,154,0.5870111887444931,1,0,626,0.5000433095419583,0.0,1.0,0.0,0.0,1.0,0.0,0.0,1.0
0.5831824573890563,0,830,0.5101613454232019,1,1,307,0.41992065691913233,0.0,0.0,1.0,0.0,1.0,0.0,0.0,1.0
0.5870703404383166,1,470,-0.10463740114712752,0,0,155,0.803210103249948,0.0,1.0,0.0,1.0,0.0,0.0,0.0,1.0
0.5909582234875771,0,409,1.5092093085999871,0,0,574,-0.6260047813734322,0.0,0.0,1.0,0.0,1.0,0.0,0.0,1.0
0.5948461065368374,0,98,-0.10463740114712752,0,0,192,-0.31309334072482853,0.0,0.0,1.0,0.0,1.0,1.0,0.0,0.0
0.5987339895860978,1,229,1.5092093085999871,1,0,584,1.8395727946781235,1.0,0.0,0.0,0.0,1.0,1.0,0.0,0.0
0.6026218726353582,1,391,-0.41203677443229225,2,1,142,0.5433528515002425,0.0,1.0,0.0,1.0,0.0,0.0,0.0,1.0
0.6065097556846185,0,761,-0.10463740114712752,0,0,360,-0.2840412999792114,0.0,0.0,1.0,0.0,1.0,0.0,0.0,1.0
0.610397638733879,0,335,-0.10463740114712752,0,0,46,1.21031979765782,1.0,0.0,0.0,0.0,1.0,0.0,0.0,1.0
0.6142855217831393,0,816,1.1249600919935314,0,0,430,-0.277362968609244,0.0,0.0,1.0,0.0,1.0,0.0,0.0,1.0
0.6181734048323997,1,374,0.4333115021019107,0,0,9,0.5238635576190146,1.0,0.0,0.0,0.0,1.0,1.0,0.0,0.0
0.62206128788166,0,483,0.5101613454232019,1,0,396,0.0474585960778879,0.0,0.0,1.0,0.0,1.0,0.0,0.0,1.0
0.6259491709309204,0,424,0.04906228549545483,0,0,385,-0.2840412999792114,0.0,0.0,1.0,0.0,1.0,0.0,0.0,1.0
0.6298370539801809,1,199,-0.1814872444684187,0,0,50,0.6949362483542374,1.0,0.0,0.0,0.0,1.0,0.0,0.0,1.0
0.6337249370294412,1,458,-0.5657364610748746,1,2,634,1.1747713256184602,0.0,1.0,0.0,1.0,0.0,1.0,0.0,0.0
0.6376128200787016,1,741,0.8175607187083667,0,0,588,6.020385801399765,1.0,0.0,0.0,1.0,0.0,0.0,0.0,1.0
0.6415007031279619,0,30,0.7407108753870755,1,5,333,0.7285011433719076,0.0,0.0,1.0,1.0,0.0,0.0,0.0,1.0
0.6453885861772223,0,394,-0.10463740114712752,0,0,638,-0.32067251056752827,0.0,0.0,1.0,0.0,1.0,0.0,0.0,1.0
0.6492764692264827,1,568,-0.10463740114712752,1,0,444,0.04529311897997366,0.0,0.0,1.0,1.0,0.0,0.0,1.0,0.0
0.6531643522757431,0,377,-0.10463740114712752,0,0,467,-0.29035583119672925,0.0,0.0,1.0,0.0,1.0,0.0,1.0,0.0
0.6570522353250035,0,110,0.4333115021019107,0,0,431,-0.277362968609244,0.0,0.0,1.0,0.0,1.0,0.0,0.0,1.0
0.6609401183742638,1,357,-0.41203677443229225,1,2,106,2.1891154459150437,0.0,1.0,0.0,1.0,0.0,0.0,0.0,1.0
0.6648280014235242,0,197,0.35646165878061953,1,1,331,-0.002347377174138998,0.0,0.0,1.0,0.0,1.0,0.0,0.0,1.0
0.6687158844727845,0,488,-0.2583370877897099,1,0,536,0.07127884415494427,0.0,0.0,1.0,1.0,0.0,0.0,0.0,1.0
0.672603767522045,1,77,-1.949033640858116,2,1,114,1.0630673549996534,0.0,1.0,0.0,1.0,0.0,0.0,0.0,1.0
0.6764916505713053,0,279,-0.2583370877897099,0,0,253,-0.1712545908114476,0.0,1.0,0.0,0.0,1.0,0.0,0.0,1.0
0.6803795336205657,0,875,-0.1814872444684187,1,0,188,0.0,0.0,0.0,1.0,0.0,1.0,1.0,0.0,0.0
0.684267416669826,1,439,0.9712604053509489,1,0,56,1.6500935486106298,1.0,0.0,0.0,0.0,1.0,0.0,0.0,1.0
0.6881552997190864,1,573,-0.719436147717457,1,1,187,0.055761035271290955,0.0,0.0,1.0,0.0,1.0,1.0,0.0,0.0
0.6920431827683469,0,327,-0.6425863043961658,0,0,400,-0.2858429769246761,0.0,0.0,1.0,0.0,1.0,0.0,0.0,1.0
0.6959310658176072,0,103,-0.6425863043961658,0,0,495,0.07127884415494427,0.0,0.0,1.0,0.0,1.0,0.0,0.0,1.0
0.6998189488668676,0,794,2.4314074284554814,0,0,455,0.7737942623518813,1.0,0.0,0.0,0.0,1.0,0.0,0.0,1.0
0.7037068319161279,0,442,2.1240080551703167,0,0,104,-0.09113193818862174,0.0,1.0,0.0,0.0,1.0,0.0,1.0,0.0
0.7075947149653883,1,490,-0.6425863043961658,0,0,71,2.7503334834730784,1.0,0.0,0.0,1.0,0.0,0.0,0.0,1.0
0.7114825980146487,0,96,-0.2583370877897099,0,0,369,-0.2840412999792114,0.0,0.0,1.0,0.0,1.0,0.0,0.0,1.0
0.7153704810639091,0,602,-0.10463740114712752,0,0,286,-0.29107910054743263,0.0,0.0,1.0,0.0,1.0,0.0,1.0,0.0
0.7192583641131695,1,66,3.8915544515600136,0,0,218,0.6732814773750952,1.0,0.0,0.0,0.0,1.0,0.0,0.0,1.0
0.7231462471624298,0,494,1.6629089952425695,0,0,345,-0.32049061049130345,0.0,0.0,1.0,0.0,1.0,0.0,0.0,1.0
0.7270341302116902,1,777,0.20276197213803718,0,0,70,0.6949362483542374,1.0,0.0,0.0,0.0,1.0,1.0,0.0,0.0
0.7309220132609505,0,635,-0.10463740114712752,0,0,13,-0.6260047813734322,1.0,0.0,0.0,0.0,1.0,0.0,0.0,1.0
0.734809896310211,0,757,-1.56478442425166,3,2,337,0.5823314392626983,0.0,0.0,1.0,1.0,0.0,0.0,0.0,1.0
0.7386977793594713,1,206,-0.10463740114712752,0,0,130,-0.06298073591573695,0.0,1.0,0.0,1.0,0.0,0.0,0.0,1.0
0.7425856624087317,0,469,0.20276197213803718,0,0,664,-0.2827766613540295,0.0,0.0,1.0,0.0,1.0,0.0,0.0,1.0
0.746473545457992,0,173,0.12591212881674602,1,1,556,0.5108706950315294,0.0,1.0,0.0,0.0,1.0,0.0,0.0,1.0
0.7503614285072524,0,633,0.8944105620296577,0,5,249,1.092842665095974,0.0,0.0,1.0,1.0,0.0,0.0,0.0,1.0
0.7542493115565129,0,809,-0.10463740114712752,1,0,476,0.07127884415494427,0.0,0.0,1.0,0.0,1.0,0.0,0.0,1.0
0.7581371946057732,0,397,-0.719436147717457,0,0,409,-0.2858429769246761,0.0,0.0,1.0,0.0,1.0,0.0,0.0,1.0
0.7620250776550336,1,723,-0.41203677443229225,0,0,581,2.375346476335666,1.0,0.0,0.0,1.0,0.0,1.0,0.0,0.0
0.7659129607042939,0,758,-2.1027333275006983,3,2,337,0.5823314392626983,0.0,0.0,1.0,1.0,0.0,0.0,0.0,1.0
0.7698008437535543,1,252,-0.10463740114712752,0,0,80,1.8208024391934032,0.0,0.0,1.0,0.0,1.0,0.0,0.0,1.0
0.7736887268028148,1,53,-2.1987956316523123,2,1,194,0.20806337052179327,0.0,0.0,1.0,1.0,0.0,1.0,0.0,0.0
0.7775766098520751,1,332,1.432359465278696,1,0,587,2.6971017254521517,1.0,0.0,0.0,0.0,1.0,1.0,0.0,0.0
0.7814644929013355,0,180,-0.7962859910387481,0,0,373,-0.2840412999792114,0.0,0.0,1.0,0.0,1.0,0.0,0.0,1.0
0.7853523759505958,1,747,2.0471582118490255,0,0,69,0.9114839581456586,1.0,0.0,0.0,0.0,1.0,1.0,0.0,0.0
0.7892402589998562,0,865,-0.10463740114712752,0,0,620,-0.2990177395883861,0.0,0.0,1.0,0.0,1.0,0.0,0.0,1.0
0.7931281420491166,1,780,-0.48888661775358344,0,0,567,-0.2990177395883861,0.0,0.0,1.0,1.0,0.0,0.0,0.0,1.0
0.797016025098377,0,544,-0.10463740114712752,0,0,366,-0.2840412999792114,0.0,0.0,1.0,0.0,1.0,0.0,0.0,1.0
0.8009039081476373,1,218,-0.8731358343600393,0,1,117,0.37011468366710554,0.0,1.0,0.0,1.0,0.0,0.0,0.0,1.0
0.8047917911968977,0,421,-0.6425863043961658,0,0,512,-0.2607624211766337,0.0,0.0,1.0,0.0,1.0,0.0,0.0,1.0
0.808679674246158,1,606,-0.10463740114712752,0,0,277,-0.28692571547363316,0.0,0.0,1.0,1.0,0.0,0.0,1.0,0.0
0.8125675572954184,0,352,-0.8731358343600393,0,0,439,-0.3336653731550135,0.0,0.0,1.0,1.0,0.0,0.0,1.0,0.0
0.8164554403446789,0,360,-0.41203677443229225,2,0,621,2.55724655256046,0.0,1.0,0.0,0.0,1.0,0.0,0.0,1.0
0.8203433233939392,0,671,-0.10463740114712752,0,0,368,-0.2840412999792114,0.0,0.0,1.0,0.0,1.0,0.0,0.0,1.0
0.8242312064431996,0,102,0.20276197213803718,1,1,435,0.04529311897997366,0.0,0.0,1.0,1.0,0.0,0.0,1.0,0.0
0.8281190894924599,0,232,-0.48888661775358344,0,0,241,-0.06298073591573695,0.0,1.0,0.0,0.0,1.0,0.0,0.0,1.0
0.8320069725417203,0,584,2.200857898491608,0,2,416,4.279883583951216,1.0,0.0,0.0,0.0,1.0,1.0,0.0,0.0
0.8358948555909808,1,264,1.5860591519212783,2,0,605,5.162315501351258,1.0,0.0,0.0,0.0,1.0,0.0,0.0,1.0
0.8397827386402411,0,57,0.8175607187083667,0,0,172,-0.31309334072482853,0.0,0.0,1.0,0.0,1.0,1.0,0.0,0.0
0.8436706216895015,0,171,1.3555096219574048,0,0,496,0.48217812348416594,1.0,0.0,0.0,0.0,1.0,0.0,0.0,1.0
0.8475585047387618,0,167,0.5101613454232019,0,0,357,-0.30136511676252514,0.0,0.0,1.0,0.0,1.0,0.0,0.0,1.0
0.8514463877880222,1,484,-0.719436147717457,1,0,660,-0.2827766613540295,0.0,0.0,1.0,0.0,1.0,0.0,0.0,1.0
0.8553342708372826,0,361,0.20276197213803718,2,0,621,2.55724655256046,0.0,1.0,0.0,0.0,1.0,0.0,0.0,1.0
0.859222153886543,0,119,-0.33518693111100106,0,0,123,-0.06298073591573695,0.0,1.0,0.0,0.0,1.0,0.0,0.0,1.0
0.8631100369358033,0,699,-0.10463740114712752,0,0,256,-0.2892730926477721,0.0,0.0,1.0,0.0,1.0,0.0,0.0,1.0
0.8669979199850637,0,179,1.0481102486722402,0,0,529,-0.277362968609244,0.0,0.0,1.0,0.0,1.0,0.0,0.0,1.0
0.8708858030343241,1,802,-0.10463740114712752,1,0,99,1.6260914004573488,1.0,0.0,0.0,1.0,0.0,0.0,0.0,1.0
0.8747736860835844,1,114,0.8175607187083667,1,1,240,1.0630673549996534,0.0,1.0,0.0,1.0,0.0,0.0,0.0,1.0
0.8786615691328449,0,202,0.12591212881674602,1,0,569,1.6260914004573488,1.0,0.0,0.0,0.0,1.0,0.0,0.0,1.0
0.8825494521821052,0,543,3.123056018347102,0,0,550,-0.1712545908114476,0.0,1.0,0.0,0.0,1.0,0.0,0.0,1.0
0.8864373352313656,1,864,0.12591212881674602,0,0,145,-0.06298073591573695,0.0,1.0,0.0,0.0,1.0,0.0,0.0,1.0
0.8903252182806259,0,846,-0.10463740114712752,0,0,138,-0.6260047813734322,0.0,1.0,0.0,0.0,1.0,0.0,0.0,1.0
0.8942131013298863,0,231,-0.8731358343600393,0,0,397,-0.2892730926477721,0.0,0.0,1.0,0.0,1.0,0.0,0.0,1.0
0.8981009843791468,0,730,-0.37361185277164666,0,0,294,-0.277362968609244,0.0,0.0,1.0,0.0,1.0,0.0,0.0,1.0
0.9019888674284071,1,824,-0.8731358343600393,0,0,493,-0.19976526228258612,0.0,0.0,1.0,1.0,0.0,0.0,0.0,1.0
0.9058767504776675,0,302,1.0481102486722402,1,6,566,1.405212736470099,0.0,0.0,1.0,1.0,0.0,0.0,0.0,1.0
0.9097646335269278,1,137,0.5101613454232019,0,1,608,21.56273820248077,1.0,0.0,0.0,0.0,1.0,1.0,0.0,0.0
0.9136525165761882,0,655,-0.10463740114712752,0,0,281,-0.27357338368789413,0.0,0.0,1.0,1.0,0.0,0.0,1.0,0.0
0.9175403996254486,1,345,-0.1814872444684187,0,0,587,2.6971017254521517,1.0,0.0,0.0,0.0,1.0,1.0,0.0,0.0
0.921428282674709,0,615,-0.719436147717457,0,0,500,-0.22647425680826,0.0,0.0,1.0,0.0,1.0,0.0,0.0,1.0
0.9253161657239694,0,301,-1.180535207645204,5,2,566,1.405212736470099,0.0,0.0,1.0,0.0,1.0,0.0,0.0,1.0
0.9292040487732297,0,112,2.3545575851341902,1,1,240,1.0630673549996534,0.0,1.0,0.0,0.0,1.0,0.0,0.0,1.0
0.9330919318224901,0,457,-0.33518693111100106,1,2,634,1.1747713256184602,0.0,1.0,0.0,0.0,1.0,1.0,0.0,0.0
0.9369798148717504,0,632,-1.180535207645204,4,1,249,1.092842665095974,0.0,0.0,1.0,0.0,1.0,0.0,0.0,1.0
0.9408676979210109,0,194,-0.7962859910387481,0,0,372,-0.18551209202411476,0.0,0.0,1.0,0.0,1.0,0.0,0.0,1.0
0.9447555809702712,0,247,-0.8731358343600393,0,0,403,-0.28837225417503987,0.0,0.0,1.0,0.0,1.0,0.0,0.0,1.0
0.9486434640195316,1,498,-1.1036853643239128,0,1,141,8.526925542235466,1.0,0.0,0.0,1.0,0.0,0.0,0.0,1.0
0.952531347068792,1,213,0.12591212881674602,1,0,89,1.84263911024877,1.0,0.0,0.0,0.0,1.0,0.0,0.0,1.0
0.9564192301180523,1,426,-1.949033640858116,0,1,393,-0.04493364978171989,0.0,0.0,1.0,1.0,0.0,1.0,0.0,0.0
0.9603071131673128,1,452,-0.10463740114712752,0,0,80,1.8208024391934032,0.0,0.0,1.0,0.0,1.0,0.0,0.0,1.0
0.9641949962165731,0,713,-0.33518693111100106,0,0,200,-0.31309334072482853,0.0,0.0,1.0,0.0,1.0,1.0,0.0,0.0
0.9680828792658335,0,850,2.3545575851341902,0,0,48,0.5238635576190146,1.0,0.0,0.0,0.0,1.0,0.0,0.0,1.0
0.9719707623150938,0,153,1.7397588385638607,0,0,156,-0.041325964936594836,0.0,1.0,0.0,0.0,1.0,0.0,0.0,1.0
0.9758586453643542,0,433,1.1249600919935314,0,0,425,-0.277362968609244,0.0,0.0,1.0,0.0,1.0,0.0,0.0,1.0
0.9797465284136146,1,565,-0.10463740114712752,0,0,419,-0.29107910054743263,0.0,0.0,1.0,1.0,0.0,0.0,1.0,0.0
0.983634411462875,0,803,1.5092093085999871,1,1,83,4.1763001524495875,1.0,0.0,0.0,0.0,1.0,1.0,0.0,0.0
0.9875222945121354,0,382,0.9712604053509489,0,0,346,-0.29468678539255766,0.0,0.0,1.0,0.0,1.0,0.0,0.0,1.0
0.9914101775613957,1,45,-0.8731358343600393,1,0,610,9.227998752685192,1.0,0.0,0.0,1.0,0.0,1.0,0.0,0.0
0.9952980606106561,1,743,0.4333115021019107,0,0,579,0.5124948028549651,1.0,0.0,0.0,0.0,1.0,0.0,0.0,1.0
0.9991859436599165,0,63,-0.8731358343600393,0,1,211,0.0,0.0,0.0,1.0,1.0,0.0,1.0,0.0,0.0
1.0030738267091768,0,275,-0.33518693111100106,0,0,449,-0.290715300394983,0.0,0.0,1.0,0.0,1.0,0.0,1.0,0.0
1.0069617097584371,0,326,-0.2583370877897099,1,0,398,-0.2858429769246761,0.0,0.0,1.0,0.0,1.0,0.0,0.0,1.0
1.0108495928076977,0,556,0.7407108753870755,0,0,170,0.5000433095419583,0.0,1.0,0.0,0.0,1.0,0.0,0.0,1.0
1.014737475856958,1,434,1.2018099353148226,0,0,108,-0.041325964936594836,0.0,1.0,0.0,1.0,0.0,0.0,0.0,1.0
1.0186253589062184,1,126,0.9712604053509489,0,0,580,0.5124948028549651,1.0,0.0,0.0,0.0,1.0,0.0,0.0,1.0
1.0225132419554788,1,163,-0.5657364610748746,0,0,37,5.937556302404546,1.0,0.0,0.0,1.0,0.0,0.0,0.0,1.0
1.0264011250047391,1,561,-0.10463740114712752,1,1,189,0.03428383341417777,0.0,0.0,1.0,0.0,1.0,1.0,0.0,0.0
1.0302890080539995,1,514,-0.41203677443229225,0,0,582,1.5179994456378627,1.0,0.0,0.0,1.0,0.0,1.0,0.0,0.0
1.0341768911032598,0,443,-0.10463740114712752,0,0,19,0.5238635576190146,1.0,0.0,0.0,0.0,1.0,0.0,0.0,1.0
1.0380647741525202,1,801,1.432359465278696,1,0,99,1.6260914004573488,1.0,0.0,0.0,0.0,1.0,0.0,0.0,1.0
1.0419526572017805,0,459,-0.027787557825836348,0,0,506,-0.21528740212043518,0.0,0.0,1.0,0.0,1.0,0.0,0.0,1.0
1.045840540251041,0,307,1.7397588385638607,0,0,164,-0.06298073591573695,0.0,1.0,0.0,0.0,1.0,0.0,0.0,1.0
1.0497284233003012,0,773,-0.7962859910387481,0,0,348,-0.29468678539255766,0.0,0.0,1.0,0.0,1.0,0.0,0.0,1.0
1.0536163063495618,1,241,0.6638610320657843,0,0,610,9.227998752685192,1.0,0.0,0.0,1.0,0.0,1.0,0.0,0.0
1.0575041893988222,1,822,-0.1814872444684187,0,0,293,-0.1712545908114476,0.0,1.0,0.0,1.0,0.0,0.0,0.0,1.0
1.0613920724480825,0,520,-0.10463740114712752,0,0,440,0.04529311897997366,0.0,0.0,1.0,0.0,1.0,0.0,1.0,0.0
1.065279955497343,0,410,0.27961181545932834,0,0,319,-0.2892730926477721,0.0,0.0,1.0,0.0,1.0,0.0,0.0,1.0
1.0691678385466032,1,331,-1.7953339542155335,0,1,155,0.803210103249948,0.0,1.0,0.0,1.0,0.0,0.0,0.0,1.0
1.0730557215958636,0,399,-0.9499856776813305,1,0,408,-0.32049061049130345,0.0,0.0,1.0,0.0,1.0,0.0,0.0,1.0
1.076943604645124,0,286,0.35646165878061953,0,0,65,-0.06298073591573695,0.0,1.0,0.0,0.0,1.0,0.0,0.0,1.0
1.0808314876943843,0,368,1.5860591519212783,0,0,161,-0.06298073591573695,0.0,1.0,0.0,0.0,1.0,0.0,0.0,1.0
1.0847193707436447,1,151,-0.1814872444684187,1,0,51,1.6737318966114614,1.0,0.0,0.0,0.0,1.0,0.0,0.0,1.0
1.088607253792905,0,617,-0.719436147717457,0,0,266,-0.2508358741597949,0.0,0.0,1.0,0.0,1.0,0.0,0.0,1.0
1.0924951368421656,1,677,0.04906228549545483,3,0,252,0.283495599750537,0.0,1.0,0.0,1.0,0.0,0.0,0.0,1.0
1.096383019891426,1,507,-0.10463740114712752,0,0,451,-0.2908972004712078,0.0,0.0,1.0,1.0,0.0,0.0,1.0,0.0
1.1002709029406863,0,115,-0.33518693111100106,1,0,127,0.5000433095419583,0.0,1.0,0.0,0.0,1.0,0.0,0.0,1.0
1.1041587859899467,0,387,-0.33518693111100106,1,0,667,-0.2827766613540295,0.0,0.0,1.0,1.0,0.0,0.0,0.0,1.0
1.108046669039207,1,14,-0.027787557825836348,0,0,141,8.526925542235466,1.0,0.0,0.0,1.0,0.0,0.0,0.0,1.0
1.1119345520884674,0,346,-1.4110847376090776,0,0,216,0.18767323816783318,0.0,0.0,1.0,0.0,1.0,1.0,0.0,0.0
1.1158224351377277,0,445,-0.10463740114712752,0,0,137,-0.6260047813734322,0.0,1.0,0.0,0.0,1.0,0.0,0.0,1.0
1.119710318186988,0,84,-0.48888661775358344,0,0,228,-0.06298073591573695,0.0,1.0,0.0,0.0,1.0,0.0,0.0,1.0
1.1235982012362484,0,820,-0.48888661775358344,0,0,119,-0.06298073591573695,0.0,1.0,0.0,0.0,1.0,0.0,0.0,1.0
1.1274860842855088,0,869,-0.06621247948648194,0,0,495,0.07127884415494427,0.0,0.0,1.0,0.0,1.0,0.0,0.0,1.0
1.1313739673347691,0,256,1.432359465278696,1,3,676,0.8627607234425888,0.0,0.0,1.0,1.0,0.0,0.0,0.0,1.0
1.1352618503840297,1,476,0.4333115021019107,0,0,608,21.56273820248077,1.0,0.0,0.0,0.0,1.0,1.0,0.0,0.0
1.13914973343329,0,389,-0.10463740114712752,0,0,349,-0.2840412999792114,0.0,0.0,1.0,0.0,1.0,0.0,0.0,1.0
1.1430376164825504,0,574,-0.10463740114712752,0,0,364,-0.2840412999792114,0.0,0.0,1.0,0.0,1.0,0.0,0.0,1.0
1.1469254995318108,1,347,-0.10463740114712752,0,0,82,0.6732814773750952,1.0,0.0,0.0,0.0,1.0,0.0,0.0,1.0
1.1508133825810711,0,148,0.5101613454232019,1,0,91,2.7889526020372806,1.0,0.0,0.0,0.0,1.0,0.0,0.0,1.0
1.1547012656303315,1,711,-0.6425863043961658,2,2,602,10.737336289931397,1.0,0.0,0.0,1.0,0.0,1.0,0.0,0.0
1.1585891486795918,0,526,-0.41203677443229225,1,0,477,0.07127884415494427,0.0,0.0,1.0,0.0,1.0,0.0,0.0,1.0
1.1624770317288522,1,788,0.12591212881674602,0,0,662,-0.2827766613540295,0.0,0.0,1.0,0.0,1.0,0.0,0.0,1.0
1.1663649147781125,0,187,3.123056018347102,1,1,680,2.4489726976647495,1.0,0.0,0.0,0.0,1.0,0.0,0.0,1.0
1.170252797827373,0,1,-1.0268355210026217,1,1,551,0.25101344328182384,0.0,0.0,1.0,0.0,1.0,0.0,0.0,1.0
1.1741406808766333,1,748,0.04906228549545483,0,0,165,-0.06298073591573695,0.0,1.0,0.0,1.0,0.0,0.0,0.0,1.0
1.1780285639258938,0,511,-0.7962859910387481,1,0,35,1.6737318966114614,1.0,0.0,0.0,0.0,1.0,0.0,0.0,1.0
1.1819164469751542,0,176,0.12591212881674602,0,0,287,-0.29035583119672925,0.0,0.0,1.0,0.0,1.0,0.0,1.0,0.0
1.1858043300244145,1,852,-1.949033640858116,1,1,234,0.37011468366710554,0.0,1.0,0.0,1.0,0.0,0.0,0.0,1.0
1.189692213073675,1,549,-1.7953339542155335,0,1,486,-0.0857182454438362,0.0,0.0,1.0,0.0,1.0,0.0,0.0,1.0
1.1935800961229353,0,833,0.27961181545932834,0,0,312,-0.21456413276973182,0.0,0.0,1.0,0.0,1.0,0.0,0.0,1.0
1.1974679791721956,0,415,-0.48888661775358344,0,0,351,-0.2840412999792114,0.0,0.0,1.0,0.0,1.0,0.0,0.0,1.0
1.201355862221456,1,358,1.432359465278696,1,2,106,2.1891154459150437,0.0,1.0,0.0,1.0,0.0,0.0,0.0,1.0
1.2052437452707163,1,321,-2.204943619118015,1,1,166,0.001983577021689412,0.0,1.0,0.0,0.0,1.0,0.0,0.0,1.0
1.2091316283199767,0,138,-0.10463740114712752,0,0,404,-0.28837225417503987,0.0,0.0,1.0,0.0,1.0,0.0,0.0,1.0
1.213019511369237,0,58,-0.8731358343600393,0,0,238,-0.12794504885316332,0.0,1.0,0.0,0.0,1.0,0.0,0.0,1.0
1.2169073944184976,0,806,0.35646165878061953,0,0,424,-0.277362968609244,0.0,0.0,1.0,0.0,1.0,0.0,0.0,1.0
1.220795277467758,1,704,0.27961181545932834,0,0,0,3.120270598018155,1.0,0.0,0.0,1.0,0.0,0.0,0.0,1.0
1.2246831605170183,0,276,-0.10463740114712752,0,0,420,0.001983577021689412,0.0,0.0,1.0,0.0,1.0,0.0,0.0,1.0
1.2285710435662787,0,591,0.8944105620296577,0,0,646,-0.31742429492065694,0.0,0.0,1.0,0.0,1.0,0.0,0.0,1.0
1.232458926615539,1,62,-0.719436147717457,0,0,191,-0.3129114406486037,0.0,0.0,1.0,0.0,1.0,1.0,0.0,0.0
1.2363468096647994,1,146,0.5101613454232019,1,2,33,4.571140253620677,1.0,0.0,0.0,1.0,0.0,0.0,0.0,1.0
1.2402346927140597,0,233,-1.0268355210026217,0,0,327,-0.2892730926477721,0.0,0.0,1.0,0.0,1.0,0.0,0.0,1.0
1.24412257576332,1,369,1.6629089952425695,1,0,71,2.7503334834730784,1.0,0.0,0.0,1.0,0.0,0.0,0.0,1.0
1.2480104588125804,0,109,-0.10463740114712752,0,0,18,1.089053080174624,1.0,0.0,0.0,0.0,1.0,1.0,0.0,0.0
1.2518983418618408,0,506,0.08748720715610042,0,0,436,-0.29035583119672925,0.0,0.0,1.0,1.0,0.0,0.0,1.0,0.0
1.2557862249111011,0,553,-0.10463740114712752,1,0,469,0.41992065691913233,0.0,0.0,1.0,0.0,1.0,0.0,1.0,0.0
1.2596741079603617,0,309,0.20276197213803718,0,0,511,-0.26382873674728013,0.0,0.0,1.0,0.0,1.0,0.0,0.0,1.0
1.263561991009622,0,480,-0.41203677443229225,0,0,313,-0.21456413276973182,0.0,0.0,1.0,0.0,1.0,0.0,0.0,1.0
1.2674498740588824,0,398,1.432359465278696,0,0,407,-0.2858429769246761,0.0,0.0,1.0,0.0,1.0,0.0,0.0,1.0
1.2713377571081428,0,496,2.1240080551703167,0,0,619,-0.1712545908114476,0.0,1.0,0.0,1.0,0.0,0.0,0.0,1.0
1.2752256401574031,0,235,-0.10463740114712752,0,0,201,-0.31309334072482853,0.0,0.0,1.0,0.0,1.0,1.0,0.0,0.0
1.2791135232066635,1,367,1.893458525206443,1,3,236,0.37011468366710554,0.0,1.0,0.0,1.0,0.0,0.0,0.0,1.0
1.2830014062559238,0,569,-0.8731358343600393,0,0,330,-0.29035583119672925,0.0,0.0,1.0,0.0,1.0,0.0,0.0,1.0
1.2868892893051842,0,812,-0.10463740114712752,0,0,481,-0.29035583119672925,0.0,0.0,1.0,0.0,1.0,0.0,1.0,0.0
1.2907771723544446,1,239,-1.8721837975368247,0,0,432,-0.0857182454438362,0.0,0.0,1.0,1.0,0.0,0.0,0.0,1.0
1.294665055403705,0,438,-0.10463740114712752,0,0,450,-0.2908972004712078,0.0,0.0,1.0,0.0,1.0,0.0,1.0,0.0
1.2985529384529655,1,694,1.0481102486722402,0,1,141,8.526925542235466,1.0,0.0,0.0,1.0,0.0,0.0,0.0,1.0
1.3024408215022258,1,50,-1.2573850509664952,0,0,208,-0.3129114406486037,0.0,0.0,1.0,1.0,0.0,1.0,0.0,0.0
1.3063287045514862,1,214,-0.9499856776813305,1,0,89,1.84263911024877,1.0,0.0,0.0,1.0,0.0,0.0,0.0,1.0
1.3102165876007466,0,489,-0.027787557825836348,0,0,26,0.6732814773750952,1.0,0.0,0.0,0.0,1.0,0.0,0.0,1.0
1.314104470650007,0,414,-0.10463740114712752,1,2,675,0.3896039775483334,0.0,0.0,1.0,0.0,1.0,0.0,0.0,1.0
1.3179923536992673,0,13,-0.33518693111100106,0,0,643,-0.32067251056752827,0.0,0.0,1.0,0.0,1.0,0.0,0.0,1.0
1.3218802367485276,0,330,-0.33518693111100106,0,0,474,-0.3120106021758714,0.0,0.0,1.0,0.0,1.0,0.0,0.0,1.0
1.325768119797788,1,753,-0.8731358343600393,0,0,243,-0.30136511676252514,0.0,0.0,1.0,1.0,0.0,0.0,0.0,1.0
1.3296560028470483,0,683,-1.6416342675729512,4,1,480,0.6353856281615965,0.0,0.0,1.0,0.0,1.0,0.0,1.0,0.0
1.3335438858963087,1,208,-2.1795831708219895,1,2,548,0.2650890444182662,0.0,0.0,1.0,0.0,1.0,0.0,0.0,1.0
1.337431768945569,0,310,1.2786597786361138,0,0,592,2.8041109417226804,1.0,0.0,0.0,0.0,1.0,1.0,0.0,0.0
1.3413196519948296,0,429,-0.10463740114712752,0,0,66,-0.29035583119672925,0.0,0.0,1.0,0.0,1.0,0.0,1.0,0.0
1.34520753504409,0,278,-1.0268355210026217,0,0,139,0.5000433095419583,0.0,1.0,0.0,0.0,1.0,0.0,0.0,1.0
1.3490954180933503,0,719,-0.10463740114712752,8,2,568,2.3861738618252373,0.0,0.0,1.0,1.0,0.0,0.0,0.0,1.0
1.3529833011426107,0,380,-0.10463740114712752,0,0,597,0.7034162566696693,1.0,0.0,0.0,0.0,1.0,1.0,0.0,0.0
1.356871184191871,0,201,-0.33518693111100106,0,0,350,-0.2840412999792114,0.0,0.0,1.0,0.0,1.0,0.0,0.0,1.0
1.3607590672411314,0,621,0.7407108753870755,0,0,223,-0.06298073591573695,0.0,1.0,0.0,0.0,1.0,0.0,0.0,1.0
1.3646469502903917,1,462,1.5092093085999871,0,0,87,0.4969769939713118,1.0,0.0,0.0,1.0,0.0,0.0,0.0,1.0
1.368534833339652,1,619,0.12591212881674602,0,0,383,-0.2499350356870626,0.0,0.0,1.0,1.0,0.0,0.0,0.0,1.0
1.3724227163889124,0,384,0.04906228549545483,0,0,206,-0.3129114406486037,0.0,0.0,1.0,0.0,1.0,1.0,0.0,0.0
1.3763105994381728,0,831,0.04906228549545483,1,1,307,0.41992065691913233,0.0,0.0,1.0,1.0,0.0,0.0,0.0,1.0
1.3801984824874334,0,666,0.35646165878061953,0,0,164,-0.06298073591573695,0.0,1.0,0.0,0.0,1.0,0.0,0.0,1.0
1.3840863655366937,1,174,0.12591212881674602,1,1,556,0.5108706950315294,0.0,1.0,0.0,1.0,0.0,0.0,0.0,1.0
1.387974248585954,1,142,-1.4110847376090776,1,2,33,4.571140253620677,1.0,0.0,0.0,0.0,1.0,0.0,0.0,1.0
1.3918621316352144,1,807,-2.224156079948338,0,1,174,-0.2571504053773127,0.0,0.0,1.0,0.0,1.0,1.0,0.0,0.0
1.3957500146844748,1,351,-0.1814872444684187,0,0,338,-0.32392072621439955,0.0,0.0,1.0,0.0,1.0,0.0,0.0,1.0
1.3996378977337351,0,406,0.12591212881674602,0,0,320,-0.2892730926477721,0.0,0.0,1.0,0.0,1.0,0.0,0.0,1.0
1.4035257807829955,0,34,0.7407108753870755,0,0,12,-0.6260047813734322,1.0,0.0,0.0,0.0,1.0,0.0,0.0,1.0
1.4074136638322559,0,660,-0.8731358343600393,0,0,336,-0.2892730926477721,0.0,0.0,1.0,1.0,0.0,0.0,0.0,1.0
1.4113015468815162,0,534,0.7407108753870755,0,0,154,-0.06298073591573695,0.0,1.0,0.0,0.0,1.0,0.0,0.0,1.0
1.4151894299307766,1,152,0.27961181545932834,1,0,51,1.6737318966114614,1.0,0.0,0.0,1.0,0.0,0.0,0.0,1.0
1.419077312980037,0,10,-0.2583370877897099,0,0,339,-0.28440076917746515,0.0,0.0,1.0,0.0,1.0,0.0,0.0,1.0
1.4229651960292975,0,475,0.7407108753870755,0,0,519,0.41992065691913233,0.0,0.0,1.0,0.0,1.0,0.0,0.0,1.0
1.4268530790785579,0,763,0.4333115021019107,0,0,222,-0.1712545908114476,0.0,1.0,0.0,0.0,1.0,0.0,0.0,1.0
1.4307409621278182,0,23,-1.7953339542155335,4,2,333,0.7285011433719076,0.0,0.0,1.0,1.0,0.0,0.0,0.0,1.0
1.4346288451770786,0,814,0.08748720715610042,0,0,427,-0.277362968609244,0.0,0.0,1.0,0.0,1.0,0.0,0.0,1.0
1.438516728226339,0,269,-0.10463740114712752,0,0,15,-0.6260047813734322,1.0,0.0,0.0,0.0,1.0,0.0,0.0,1.0
1.4424046112755993,0,354,-0.48888661775358344,0,0,671,-0.2827766613540295,0.0,0.0,1.0,1.0,0.0,0.0,0.0,1.0
1.4462924943248596,0,504,0.12591212881674602,1,1,618,0.9766301711593096,0.0,1.0,0.0,0.0,1.0,1.0,0.0,0.0
1.45018037737412,0,371,1.0481102486722402,0,0,543,-0.3466582357424988,0.0,0.0,1.0,0.0,1.0,0.0,0.0,1.0
1.4540682604233803,0,756,-1.4879345809303688,3,2,337,0.5823314392626983,0.0,0.0,1.0,0.0,1.0,0.0,0.0,1.0
1.4579561434726407,1,349,1.7397588385638607,1,1,67,3.423437391726145,1.0,0.0,0.0,1.0,0.0,0.0,0.0,1.0
1.461844026521901,1,493,-0.1814872444684187,0,0,269,-0.2508358741597949,0.0,0.0,1.0,0.0,1.0,0.0,0.0,1.0
1.4657319095711616,0,678,0.6638610320657843,0,0,97,-0.6260047813734322,1.0,0.0,0.0,0.0,1.0,0.0,0.0,1.0
1.469619792620422,1,550,-0.1814872444684187,0,1,486,-0.0857182454438362,0.0,0.0,1.0,1.0,0.0,0.0,0.0,1.0
1.4735076756696823,0,630,-2.1027333275006983,4,1,249,1.092842665095974,0.0,0.0,1.0,0.0,1.0,0.0,0.0,1.0
1.4773955587189427,0,250,-0.10463740114712752,0,0,448,-0.3250034647633567,0.0,0.0,1.0,0.0,1.0,0.0,1.0,0.0
1.481283441768203,0,453,-0.10463740114712752,0,0,80,1.8208024391934032,0.0,0.0,1.0,0.0,1.0,0.0,0.0,1.0
1.4851713248174634,1,503,-2.1795831708219895,0,2,618,0.9766301711593096,0.0,1.0,0.0,0.0,1.0,1.0,0.0,0.0
1.4890592078667237,1,516,-0.10463740114712752,0,0,442,-0.29035583119672925,0.0,0.0,1.0,0.0,1.0,0.0,1.0,0.0
1.492947090915984,1,785,2.5082572717767726,0,0,32,2.8387585752893076,1.0,0.0,0.0,1.0,0.0,0.0,0.0,1.0
1.4968349739652445,1,876,-1.1036853643239128,1,0,188,0.0,0.0,0.0,1.0,1.0,0.0,1.0,0.0,0.0
1.5007228570145048,1,686,-2.192647644186609,1,1,237,0.18604913034439746,0.0,1.0,0.0,0.0,1.0,0.0,0.0,1.0
1.5046107400637654,0,712,-0.10463740114712752,0,0,199,-0.3129114406486037,0.0,0.0,1.0,0.0,1.0,1.0,0.0,0.0
1.5084986231130257,0,49,-0.48888661775358344,0,0,342,-0.2858429769246761,0.0,0.0,1.0,0.0,1.0,0.0,0.0,1.0
1.512386506162286,0,19,-0.8731358343600393,0,0,107,-0.2665355831196729,0.0,0.0,1.0,0.0,1.0,0.0,0.0,1.0
1.5162743892115464,1,175,0.7407108753870755,1,1,609,2.9755431016561564,1.0,0.0,0.0,1.0,0.0,1.0,0.0,0.0
1.5201622722608068,0,638,-0.6425863043961658,0,0,268,-0.2508358741597949,0.0,0.0,1.0,0.0,1.0,0.0,0.0,1.0
1.5240501553100672,0,750,-0.10463740114712752,0,0,485,-0.277362968609244,0.0,0.0,1.0,0.0,1.0,0.0,0.0,1.0
1.5279380383593275,1,158,0.20276197213803718,0,0,80,1.8208024391934032,0.0,0.0,1.0,0.0,1.0,0.0,0.0,1.0
1.5318259214085879,1,508,-0.10463740114712752,0,0,62,0.6602886147876099,1.0,0.0,0.0,0.0,1.0,1.0,0.0,0.0
1.5357138044578482,0,11,-0.719436147717457,0,0,647,-0.2827766613540295,0.0,0.0,1.0,0.0,1.0,0.0,0.0,1.0
1.5396016875071086,0,564,-1.0268355210026217,0,0,619,-0.1712545908114476,0.0,1.0,0.0,0.0,1.0,0.0,0.0,1.0
1.543489570556369,1,734,0.04906228549545483,0,0,47,0.7165910193333795,1.0,0.0,0.0,1.0,0.0,1.0,0.0,0.0
1.5473774536056295,0,471,0.3948865804412651,0,0,205,-0.34719960501697733,0.0,0.0,1.0,0.0,1.0,1.0,0.0,0.0
1.5512653366548899,0,189,-0.9499856776813305,0,0,264,-0.2508358741597949,0.0,0.0,1.0,0.0,1.0,0.0,0.0,1.0
1.5551532197041502,0,0,0.9712604053509489,0,0,563,-0.2990177395883861,0.0,0.0,1.0,0.0,1.0,0.0,0.0,1.0
1.5590411027534106,0,720,-0.10463740114712752,8,2,568,2.3861738618252373,0.0,0.0,1.0,0.0,1.0,0.0,0.0,1.0
1.562928985802671,0,509,0.4333115021019107,0,0,359,-0.2840412999792114,0.0,0.0,1.0,0.0,1.0,1.0,0.0,0.0
1.5668168688519313,0,334,-0.10463740114712752,0,1,155,0.803210103249948,0.0,1.0,0.0,0.0,1.0,0.0,0.0,1.0
1.5707047519011916,1,291,-0.10463740114712752,1,0,84,3.2330573071859194,1.0,0.0,0.0,1.0,0.0,1.0,0.0,0.0
1.574592634950452,0,22,-1.949033640858116,4,2,333,0.7285011433719076,0.0,0.0,1.0,0.0,1.0,0.0,0.0,1.0
1.5784805179997123,0,795,3.430455391632267,0,0,317,-0.2892730926477721,0.0,0.0,1.0,0.0,1.0,0.0,0.0,1.0
1.5823684010489727,0,97,-1.56478442425166,1,1,203,0.03428383341417777,0.0,0.0,1.0,1.0,0.0,1.0,0.0,0.0
1.5862562840982333,1,485,-1.0268355210026217,0,1,591,1.080391171782967,1.0,0.0,0.0,1.0,0.0,0.0,0.0,1.0
1.5901441671474936,0,145,1.1249600919935314,1,0,144,0.5000433095419583,0.0,1.0,0.0,1.0,0.0,0.0,0.0,1.0
1.594032050196754,1,8,-0.8731358343600393,0,1,484,-0.2210605640634745,0.0,0.0,1.0,1.0,0.0,0.0,0.0,1.0
1.5979199332460143,1,860,1.2018099353148226,1,1,453,6.51429647980043,1.0,0.0,0.0,1.0,0.0,0.0,0.0,1.0
1.6018078162952747,1,196,1.6629089952425695,0,0,23,0.5238635576190146,1.0,0.0,0.0,0.0,1.0,0.0,0.0,1.0
1.605695699344535,1,56,-0.41203677443229225,0,3,194,0.20806337052179327,0.0,0.0,1.0,1.0,0.0,1.0,0.0,0.0
1.6095835823937954,0,672,-0.10463740114712752,0,0,178,-0.3129114406486037,0.0,0.0,1.0,0.0,1.0,1.0,0.0,0.0
1.6134714654430558,0,325,0.8944105620296577,2,0,399,-0.014980770563370535,0.0,0.0,1.0,0.0,1.0,0.0,0.0,1.0
1.617359348492316,0,283,-0.6425863043961658,1,0,221,-0.12794504885316332,0.0,1.0,0.0,0.0,1.0,0.0,0.0,1.0
1.6212472315415765,1,797,1.432359465278696,0,0,88,0.4969769939713118,1.0,0.0,0.0,1.0,0.0,0.0,0.0,1.0
1.6251351145908368,0,718,-0.10463740114712752,8,2,568,2.3861738618252373,0.0,0.0,1.0,1.0,0.0,0.0,0.0,1.0
1.6290229976400974,0,285,-0.41203677443229225,0,0,120,-0.06298073591573695,0.0,1.0,0.0,0.0,1.0,0.0,0.0,1.0
1.6329108806893577,1,122,0.9712604053509489,0,0,126,-0.06298073591573695,0.0,1.0,0.0,1.0,0.0,0.0,0.0,1.0
1.636798763738618,1,230,-0.1814872444684187,1,0,632,-0.025808156052941598,0.0,1.0,0.0,1.0,0.0,1.0,0.0,0.0
1.6406866467878785,0,696,0.12591212881674602,0,0,590,1.5609451874436977,1.0,0.0,0.0,0.0,1.0,0.0,0.0,1.0
1.6445745298371388,0,890,-0.10463740114712752,0,0,309,-0.21456413276973182,0.0,0.0,1.0,0.0,1.0,0.0,0.0,1.0
1.6484624128863992,1,407,-1.949033640858116,1,1,344,-0.14382665788926616,0.0,0.0,1.0,0.0,1.0,0.0,0.0,1.0
1.6523502959356595,0,59,-0.2583370877897099,0,0,387,-0.2840412999792114,0.0,0.0,1.0,0.0,1.0,0.0,0.0,1.0
1.6562381789849199,1,79,1.3555096219574048,1,1,54,1.6500935486106298,1.0,0.0,0.0,1.0,0.0,0.0,0.0,1.0
1.6601260620341802,0,139,0.27961181545932834,0,0,502,-0.40945707158201095,1.0,0.0,0.0,0.0,1.0,0.0,0.0,1.0
1.6640139450834406,0,836,1.3555096219574048,0,0,303,-0.23621890374887394,0.0,0.0,1.0,0.0,1.0,0.0,0.0,1.0
1.667901828132701,1,4,-0.10463740114712752,1,0,575,0.4134242256253898,0.0,1.0,0.0,1.0,0.0,1.0,0.0,0.0
1.6717897111819615,1,571,-1.1036853643239128,0,0,195,-0.31309334072482853,0.0,0.0,1.0,1.0,0.0,1.0,0.0,0.0
1.6756775942312219,0,311,-0.719436147717457,0,0,504,-0.1995876931605571,0.0,0.0,1.0,0.0,1.0,0.0,0.0,1.0
1.6795654772804822,0,657,-0.7962859910387481,0,0,358,-0.2840412999792114,0.0,0.0,1.0,0.0,1.0,0.0,0.0,1.0
1.6834533603297426,0,451,-0.10463740114712752,0,0,363,-0.2840412999792114,0.0,0.0,1.0,0.0,1.0,0.0,0.0,1.0
1.687341243379003,1,668,2.0471582118490255,0,1,59,2.9755431016561564,1.0,0.0,0.0,1.0,0.0,1.0,0.0,0.0
1.6912291264282633,1,739,-0.33518693111100106,0,1,115,0.5000433095419583,0.0,1.0,0.0,1.0,0.0,0.0,0.0,1.0
1.6951170094775236,0,510,0.27961181545932834,0,0,394,-0.2840412999792114,0.0,0.0,1.0,0.0,1.0,0.0,0.0,1.0
1.699004892526784,0,193,-0.5657364610748746,0,0,508,-0.17053132146074423,0.0,0.0,1.0,1.0,0.0,0.0,0.0,1.0
1.7028927755760443,0,61,-0.10463740114712752,0,0,565,-0.1712545908114476,0.0,1.0,0.0,0.0,1.0,0.0,0.0,1.0
1.7067806586253047,0,793,-0.33518693111100106,0,0,650,-0.32067251056752827,0.0,0.0,1.0,0.0,1.0,0.0,0.0,1.0
1.7106685416745653,0,684,0.7407108753870755,0,5,480,0.6353856281615965,0.0,0.0,1.0,1.0,0.0,0.0,1.0,0.0
1.7145564247238256,0,548,-0.1814872444684187,0,0,101,-0.06298073591573695,0.0,1.0,0.0,0.0,1.0,0.0,0.0,1.0
1.718444307773086,1,303,-0.7962859910387481,0,0,14,0.6732814773750952,1.0,0.0,0.0,1.0,0.0,0.0,0.0,1.0
1.7223321908223463,0,413,-0.10463740114712752,1,2,675,0.3896039775483334,0.0,0.0,1.0,1.0,0.0,0.0,0.0,1.0
1.7262200738716067,1,81,-0.2583370877897099,0,0,8,0.6732814773750952,1.0,0.0,0.0,0.0,1.0,1.0,0.0,0.0
1.730107956920867,0,220,0.20276197213803718,0,0,466,-0.29035583119672925,0.0,0.0,1.0,0.0,1.0,0.0,1.0,0.0
